Diagnose 1,Diagnose 2,,p-values for RR
C34,D63,"3,1",0
C50,C78,"3,81",0
C50,C79,"6,6",0
C50,I97,"10,16",0
C61,C79,"8,13",0
C61,D63,"5,04",0
E10,E16,"20,4",0
E10,H36,"17,52",0
E11,A41,"1,59",0
E11,D64,"1,42",0
E11,E10,"6,09",0
E11,E16,"6,37",0
E11,E86,"1,34",0
E11,H36,"7,43",0
E11,I46,"1,7",0
E11,L97,"3,55",0
E11,N18,"2,44",0
F10,J96,"1,8",0
H25,H26,"4,25",0
I10,D64,"1,02","9,463E-10"
I10,E86,"1,04","4,959E-21"
I10,I46,"1,14","5,804E-37"
I10,N18,"1,64",0
I10,N19,"1,6",0
I20,H25,"1,04","1,358E-16"
I20,I46,"1,3","3,353E-118"
I20,I73,"1,79",0
I20,N18,"1,1","5,404E-44"
I21,I25,"3,94",0
I48,E86,"1,03","3,38E-10"
I50,E86,"1,14","6,6E-150"
I63,I69,"6,23",0
I64,E86,"1,09","9,561E-34"
I64,I69,"5,45",0
I80,D68,"12,99",0
J00,J35,"1,35","5,118E-56"
J44,I46,"1,98",0
J44,J96,"6,18",0
J45,J96,"3,06",0
M54,F17,"1,14","1,298E-13"
N40,A41,"1,17","6,8E-88"
N40,C61,"1,56",0
N40,F03,"1,1","2,512E-23"
N63,C79,"1,71","1,721E-139"
N92,I10,"1,22","4,415E-165"
N97,E66,"1,27","3,384E-120"
J45,M81,"1,92",0
E04,E89,"18,03",0
E11,N19,"2,24",0
M62,M81,"1,18","8,545E-31"
I70,E86,"1,11","7,85E-38"
E11,E14,"6,79",0
I20,I95,"1,72",0
I70,A41,"1,4",0
I70,J96,"1,08","3,84E-14"
K35,K43,"2,91",0
J44,A41,"1,15","2,914E-163"
I35,K04,"11,69",0
I10,I69,"2,03",0
N40,N39,"1,78",0
F10,A41,"1,57",0
C20,C78,"9,68",0
F10,J18,"1,79",0
C50,I89,"4,71",0
F10,E86,"2,58",0
G45,I69,"3,36",0
I35,K05,"10,62",0
I48,I46,"1,5",0
M62,K59,"1,29","2,742E-80"
I20,J90,"1,18","3,036E-35"
M17,I10,"1,06","9,17E-63"
E11,J96,"1,21","8,827E-199"
I20,E78,"4,83",0
I70,I46,"1,72","1,851E-237"
E11,E87,"1,69",0
J44,J15,"3,01",0
M62,F17,"1,24","1,165E-14"
I20,I50,"2,04",0
M62,I10,"1,24","7,002E-165"
F10,J15,"1,87",0
C20,E86,"1,59",0
C18,E86,"1,43",9.429015e-317
G45,F03,"1,42","1,497E-143"
E11,L98,"2,41",0
C50,D63,"2,12",0
C50,L90,"2,48",0
E10,N18,"4,56",0
I10,F03,"1,11","8,484E-70"
G35,N39,"4,86",0
I70,J18,"1,13","1,747E-147"
I25,J15,"1,09","4,236E-47"
M54,N39,"1,1","2,742E-26"
E11,N39,"1,47",0
F10,K72,"5,18",0
C50,G95,"5,28",0
I20,D50,"1,16","1,93E-50"
J42,J96,"4,16",0
J44,M81,"2,2",0
I50,I46,"2,7",0
F10,I46,"2,08",0
N40,N99,"3,43",0
I25,N18,"1,76",0
I48,D68,"3,06",0
M54,K59,"1,3","2,042E-195"
I10,E87,"1,6",0
M51,M96,"14,32",0
E11,F03,"1,35",0
C50,C77,"5,9",0
M35,E86,"1,17","3,302E-26"
J44,C34,"1,27",0
G35,N30,"4,98",0
E10,E86,"1,59",0
E11,L89,"2,24",0
E10,A41,"2,35",0
F10,D64,"1,97",0
I70,D64,"1,14","7,086E-76"
E10,I46,"2,27",0
F10,N39,"1,4",4.489491e-310
I70,J15,"1,14","4,286E-36"
C43,C79,"10,4",0
C43,C77,"18,79",0
C20,K56,"5,84",0
E11,J15,"1,18","9,288E-131"
N63,C77,"2,42","1,325E-288"
C20,K91,"9,26",0
K44,E86,"1,14","6,212E-14"
E11,I73,"1,67",0
C61,G95,"8,65",0
N40,N30,"1,93",0
I25,I46,"2,1",0
I50,N18,"2,3",0
C67,D63,"3,98",0
I64,J15,"1,1","1,012E-20"
D30,C79,"1,16","2,553E-18"
I20,J22,"1,13","1,184E-10"
J45,M85,"1,53","5,114E-86"
E10,L97,"6,45",0
I25,E87,"1,19","1,317E-115"
E11,K59,"1,07","7,929E-36"
C61,D64,"1,34",0
I20,K57,"1,1","1,627E-40"
H81,F03,"1,3","4,909E-35"
G35,J18,"2,42",0
M62,E78,"1,53","4,206E-253"
N95,C54,"8,88",0
K29,E86,"1,43","3,132E-181"
C18,K43,"2,69",0
F10,N30,"1,52",0
I10,N17,"1,5",0
F10,I69,"1,66",0
I80,I87,"13,41",0
K21,E86,"1,22","2,863E-34"
G35,N31,"18,71",0
K80,K43,"1,94",0
I50,A41,"1,21","1,046E-204"
E10,E14,"12,28",0
I20,I71,"1,29","4,627E-165"
C67,A41,"1,67",0
I26,D68,"11,95",0
M62,F32,"1,39","4,433E-64"
M62,N30,"1,21","4,7E-60"
E10,E15,"25,62",0
E11,I69,"1,78",0
E10,N19,"4,24",0
M05,E86,"1,12","2,654E-13"
C67,E86,"1,1","3,354E-17"
H36,N18,"3,92",0
K25,E86,"1,24","1,554E-77"
C67,C79,"3,76",0
I35,K10,"8,32",0
E05,E03,"3,81",0
I20,I49,"1,97",0
E11,I11,"3,63",0
K30,K59,"1,79",0
E11,N17,"2,27",0
F10,F17,"4,79",0
M06,E86,"1,21","2,517E-37"
I20,K25,"1,16","1,416E-87"
I20,F17,"1,25","7,228E-67"
J18,I46,"1,45","2,42E-185"
N92,C54,"2,91",0
I20,I51,"2,79",0
C50,J91,"4,83",0
J45,I46,"1,47","3,266E-53"
I10,I95,"1,56",0
J44,K59,"1,31",0
D64,I46,"1,22","1,115E-22"
M81,E86,"1,31","7,848E-198"
G40,E86,"1,85",0
N63,I97,"4,48","9,886E-302"
C20,C79,"2,79",0
H81,E86,"1,18","7,73E-23"
M62,E66,"1,33","1,158E-113"
M06,A41,"1,63","1,665E-211"
J42,E86,"1,13","5,164E-16"
N40,F00,"1,22","4,58E-20"
C20,K43,"3,1",0
C56,D63,"6,07",0
I20,M10,"1,41","3,678E-276"
E10,L98,"3,93",0
M62,M48,"2,01",0
I25,K92,"1,07","5,327E-23"
J44,M85,"1,39","2,478E-164"
I20,E14,"1,14","3,62E-57"
I20,H35,"1,07","8,429E-19"
E05,E89,"11,66",0
C67,C78,"2,72",0
I20,I70,"1,38",0
D30,D63,"1,16","1,656E-15"
K30,D64,"1,15","1,291E-28"
M05,A41,"1,5","5,843E-131"
M05,J18,"1,48",0
C20,D63,"3,13",0
C20,K59,"2,07",0
G35,A41,"2,82",0
I65,I69,"4,63",0
C50,J90,"3,94",0
I10,L97,"1,14","1,19E-65"
C50,N62,"3,69",0
I25,N19,"1,57",0
E04,E03,"3,94",0
I64,N39,"1,2","1,428E-122"
N40,N35,"3,47",0
F10,E87,"3,31",0
I20,I11,"2,14",0
M62,F33,"1,54","1,05E-44"
J42,I46,"1,87","1,623E-90"
I25,I95,"2,01",0
M16,D62,"1,15","1,675E-13"
H36,E86,"1,27","2,019E-26"
M54,G96,"1,32","2,958E-25"
F10,K92,"3,94",0
G40,A41,"1,25","8,902E-89"
M81,A41,"1,11","1,654E-17"
E11,N30,"1,49",0
I10,L98,"1,08","3,97E-21"
E66,N18,"1,1","4,387E-10"
N81,I10,"1,31",0
K85,K86,"27,91",0
I10,F01,"1,73",0
E10,H43,"6,33",0
G40,J15,"1,88",0
M54,M81,"1,8",0
M06,M81,"2,46",0
I25,I73,"1,81",0
I10,N39,"1,09","5,105E-103"
I64,L89,"1,3","1,173E-45"
K25,J96,"1,12","7,124E-13"
J45,J15,"2,48",0
M35,A41,"1,38","1,701E-77"
C90,A41,"4,78",0
I35,K08,"7,6",0
I20,A09,"1,07","5,935E-15"
M54,E66,"1,13","3,69E-46"
M62,M19,"1,46","2,555E-93"
M62,K57,"1,23","2,026E-24"
J44,M80,"2,31",0
M06,J18,"1,45",0
K80,K65,"2,72",0
C56,K56,"6,73",0
I25,J22,"1,45","4,127E-127"
K30,C25,"1,38","4,805E-20"
K25,A41,"1,28","9,978E-65"
J42,A41,"1,21","1,264E-26"
C34,F41,"3,38",0
I50,N19,"2,17",0
I10,D62,"1,12","5,084E-30"
K51,E86,"2,78",0
J00,H91,"1,29","1,216E-15"
I64,G40,"3,5",0
M05,M81,"2,31",0
D30,N39,"1,21","1,221E-56"
I20,E25,"4,35",0
I20,K55,"1,33","8,169E-50"
E11,G63,"5,46",0
F10,L97,"1,44","7,306E-149"
C34,C78,"4,45",0
J45,M80,"1,74","4,292E-218"
H36,N19,"3,89",0
G40,J18,"1,68",0
N18,K65,"12,57",0
M62,H91,"1,1","6,363E-19"
I35,I46,"2,11","2,294E-268"
G40,J96,"1,46","1,152E-243"
M54,F32,"1,53","9,619E-262"
D30,N30,"1,89",0
C54,C78,"3,1",0
M06,J15,"1,5","9,041E-103"
E66,I46,"1,47","2,366E-43"
M62,G96,"1,4","1,196E-15"
M20,M85,"1,17","5,952E-12"
C91,A41,"8,76",0
E10,D64,"1,68",0
C18,C79,"2,33",0
I10,F05,"1,24","2,928E-55"
C83,A41,"4,8",0
E11,D50,"1,6",0
G45,F01,"2,5","2,654E-227"
M62,M80,"1,38","4,484E-36"
I80,A41,"1,16","2,979E-23"
C18,C78,"9,6",0
E11,K92,"1,23","5,946E-168"
I70,E87,"1,26","6,878E-78"
E11,A49,"1,61",0
D64,D63,"4,06",0
N40,F32,"1,11","1,091E-14"
K61,K60,"26,79",0
F10,F03,"4,1",0
Q21,H65,"2,64",0
M05,J96,"1,15","3,065E-14"
I64,F01,"3,01",0
J44,N39,"1,13","2,899E-167"
J44,J22,"3,84",0
I20,I72,"1,63","2,067E-148"
J44,E87,"1,36",0
I64,F03,"1,22","3,179E-109"
C20,A41,"1,17","4,277E-27"
C50,D70,"4,81",0
M05,N30,"1,17","4,383E-39"
M62,G56,"1,17","9,379E-24"
C56,C78,"6,54",0
I20,D68,"1,18","9,755E-21"
I71,K43,"3,97",0
K29,J18,"1,1","8,776E-32"
C43,C78,"5,01",0
E11,D62,"1,47","7,02E-216"
E10,E13,"12,46",0
I10,I73,"1,31",0
E04,C73,"20,47",0
I21,I95,"1,32","1,58E-52"
M35,M81,"2,71",0
I48,I69,"1,35",0
G35,K59,"2,02",0
M06,M85,"2,82",0
I61,I69,"5,18",0
H36,D64,"1,64","5,732E-179"
I25,E25,"4,76",0
G35,E86,"2,21",0
H36,A41,"1,67","1,725E-133"
K26,E86,"1,24","7,673E-49"
M31,M81,"3,39",0
K57,K43,"3,48",0
E10,L89,"3,87",0
C61,K59,"1,36","2,906E-275"
K29,K72,"2,8","3,095E-225"
I70,L98,"4,2",0
K21,M81,"1,15","1,381E-22"
I35,I08,"17,78",0
C56,C79,"4,28",0
M05,J15,"1,65","6,596E-158"
C67,D64,"1,2","1,025E-83"
I20,I44,"1,87",0
I21,N18,"1,23","4,036E-96"
L02,A41,"1,45","2,775E-126"
I73,I46,"1,47","1,502E-39"
G35,J15,"2,99",0
I20,K04,"1,21","7,009E-43"
C85,A41,"4,17",0
J03,J35,"4,98",0
I48,I49,"4,16",0
K29,K59,"1,74",0
M81,J96,"1,7",0
I10,J81,"1,35","4,933E-189"
E05,F03,"1,15","7,696E-16"
M35,J15,"1,25","2,238E-28"
C50,L59,"8,72",0
I64,J18,"1,05","1,113E-24"
I48,I61,"1,27","2,684E-111"
F10,L89,"1,82","1,776E-224"
M47,K59,"1,23","9,582E-35"
M81,J22,"2,67",0
K80,K91,"2,03","4,449E-243"
K26,A41,"1,21","3,369E-29"
M16,I80,"1,2","7,294E-57"
K29,C25,"1,35","1,659E-16"
I25,K52,"1,15","1,041E-53"
J18,J15,"2,48",0
I63,L89,"1,2","1,498E-13"
I10,G96,"1,26","1,214E-56"
M54,F33,"1,41","5,896E-59"
I25,L98,"1,1","1,977E-20"
M79,M81,"1,08","2,924E-12"
K51,M81,"1,66","1,463E-254"
K10,I08,"34,98",0
M54,N30,"1,14","1,208E-62"
K30,F17,"1,44","1,02E-50"
I20,I24,"4,84",0
G35,L89,"16,72",0
I20,I97,"1,62","1,867E-76"
D50,C18,"3,13",0
M89,C79,2,"7,594E-59"
L02,F17,"1,89","8,268E-189"
N81,N30,"1,12","2,222E-35"
K30,K57,"1,71",9.115808e-319
K29,E87,"1,43","3,717E-75"
G40,N39,"1,69",0
M05,D64,"1,48","9,784E-196"
G40,G41,"29,51",0
C34,C79,"6,23",0
J45,H25,"1,27","7,556E-126"
F10,F33,"6,31",0
C54,K56,"2,88",0
E11,F00,"1,19","7,5E-28"
I25,N17,"1,62",0
D25,N99,"2,38","5,083E-151"
L40,E86,"1,4","5,395E-41"
E11,I95,"1,56","5,011E-286"
E11,F01,"1,72","2,502E-256"
E11,J18,"1,25",0
M51,N31,"1,8","9,464E-195"
M05,M85,"2,34","1,276E-268"
I80,L98,"1,58","2,917E-90"
C91,J18,"2,56",0
J42,C34,"1,24","1,968E-34"
D25,I10,"1,12","9,111E-39"
K44,K59,"1,56","3,461E-199"
I10,I15,"2,78",0
C56,E86,"1,38","2,045E-112"
C50,A49,"1,32","3,312E-50"
A46,J96,"1,23","2,185E-31"
M54,M19,"1,26","1,603E-85"
M81,F03,"1,27","4,213E-86"
E11,E13,"6,13",0
E10,J96,"1,24","6,865E-137"
I70,L97,"6,81",0
C67,K56,"2,27",0
G12,J96,"12,39",0
M62,K21,"1,4","1,94E-90"
M06,N30,"1,21","1,607E-61"
L40,A41,"1,58","1,135E-78"
I80,L97,"1,85","7,207E-213"
E66,J96,"1,9",0
N92,F17,"1,22","1,582E-21"
M17,A46,"1,08","2,106E-10"
Q21,J35,"1,33","1,646E-39"
I10,F00,"1,28","2,626E-100"
J45,J46,"17,18",0
I48,N18,"1,12","1,608E-81"
I25,J90,"1,32","3,052E-122"
C34,D70,"5,48",0
I48,L97,"1,1","1,539E-32"
I20,I26,"1,13","2,692E-33"
E11,C22,"1,59","7,349E-108"
C34,J96,"1,63",0
J45,F32,"1,23","5,249E-39"
E10,I73,"2,51",0
I20,J81,"1,27","1,578E-92"
N63,G95,"1,57","4,106E-19"
F10,A46,"1,96",0
J44,N30,"1,16",0
I25,L97,"1,23","2,646E-141"
K51,K91,"12,26",0
M51,G96,"1,21","7,273E-12"
C18,D63,"3,1",0
M80,I46,"1,34","1,348E-13"
E11,J81,"1,83",0
J20,J03,"1,32","8,265E-61"
I48,F05,"1,18","7,024E-27"
C16,D63,"5,62",0
Q25,B34,"2,03","2,591E-140"
K50,K91,"27,09",0
E66,N19,"1,22","1,218E-25"
G45,G40,"2,48",0
G40,D64,"1,12","2,567E-25"
I50,E50,"4,96",0
I10,D68,"1,31","4,926E-86"
G62,E86,"1,49","1,016E-64"
C53,D63,"7,81",0
I48,F01,"1,34","4,023E-104"
I10,D50,"1,08","3,072E-23"
C18,C77,"3,23",0
K57,K91,"2,72","1,509E-264"
E10,N39,"1,79",0
H36,I46,"1,86","2,401E-53"
D86,M81,"4,04",0
I35,I31,"10,68",0
M35,N39,"1,23","6,02E-51"
F10,G96,"1,47","4,134E-65"
K50,M81,"2,46",0
I10,K55,"1,23","4,611E-39"
G45,F00,"1,28","4,245E-14"
I48,D62,"1,24","2,253E-89"
I64,N30,"1,22","8,933E-248"
C61,N39,"1,15","5,695E-50"
K25,C16,"4,31",0
I20,I31,"1,96","9,779E-200"
C77,I89,"6,46",0
H81,F00,"1,36","4,588E-11"
G45,F32,"1,26","1,57E-38"
I25,D62,"1,33","1,028E-139"
I48,J15,"1,14","6,431E-109"
N87,N92,"1,18","9,268E-40"
I69,A41,"1,37","5,888E-299"
M35,M85,3,0
C77,E86,"1,43","2,013E-101"
M62,E55,"2,39","6,85E-88"
E78,I46,"1,33","2,251E-52"
K51,K56,"5,92",0
E66,E68,"4,05",0
C16,E86,"1,94",5.369673e-314
E10,J15,"1,66",0
E14,I46,"1,89","1,51E-86"
J90,C45,"42,07",0
C15,D63,"3,98",0
C67,N39,"1,5","4,986E-305"
N84,C54,"4,17",0
I35,K02,"5,54",0
I20,E20,"4,17",0
M81,F00,"1,48","1,214E-63"
E10,A09,"2,56",0
E10,N08,"15,49",0
I70,K92,"1,18","1,446E-53"
I20,F41,"1,21","5,344E-33"
I10,N30,"1,1","1,098E-163"
E11,M14,"6,05",0
I73,J22,"1,3","6,897E-12"
F10,G62,"4,23",0
I20,K29,"1,49",0
D64,D46,"8,89",0
I50,I95,"2,03",0
C20,N13,"3,76",0
F10,I61,"2,36",0
E10,M14,"12,98",0
C50,I78,"1,61","4,002E-63"
H36,E87,"1,95","5,933E-131"
E11,K52,"1,2","2,349E-84"
M10,E86,"1,47","2,12E-116"
C54,D64,"1,21","1,667E-23"
I21,I51,2,0
J45,I50,"1,48",0
K59,J96,"1,11","3,127E-18"
C53,K56,"5,26",0
H36,L97,"5,17",0
Q21,B34,"2,27",0
G45,I61,"1,9","1,226E-173"
G40,J69,"5,68",0
C90,J18,"2,76",0
M48,N30,"1,14","3,381E-39"
I63,D68,"2,65","2,005E-284"
E05,M81,"1,15","3,279E-35"
M35,E87,"1,16","5,942E-11"
I48,I95,"1,53",0
C18,K91,"4,38",0
C54,D63,"3,83",0
A46,A41,"1,79",0
F10,J22,"1,81","5,886E-122"
Q21,J18,"2,61",0
M62,E03,"1,19","2,837E-15"
C32,J18,"1,21","3,779E-38"
M10,I46,"1,58","7,674E-31"
Q21,J45,"1,15","1,618E-16"
C44,C79,"1,28","3,724E-37"
Q25,J45,"1,31","1,891E-27"
I21,I73,"1,46","6,822E-252"
K21,F17,"1,57","1,257E-63"
M10,A41,"1,55","8,166E-115"
K30,K62,"1,38","1,187E-115"
M06,D64,"1,51","2,595E-239"
I70,L89,"3,5",0
K04,E86,"1,28","2,82E-12"
K80,C25,"1,95","7,555E-206"
E10,K59,"1,37",0
M06,L97,"2,64",0
E10,A49,"2,77",0
J43,J96,"9,23",0
N81,N99,"13,09",0
C62,C78,"16,38",0
M17,M19,"2,01",0
C53,E86,"1,68","1,77E-128"
E10,F03,"1,48","9,414E-294"
J45,J22,"3,11",0
M32,M81,"6,15",0
E11,J22,"1,63","2,693E-194"
J44,I27,"5,2",0
F10,F41,4,0
D37,C78,"3,52","7,652E-289"
L97,I46,"1,92","7,117E-78"
Q25,H65,"2,33","7,448E-188"
K62,F03,"1,12","1,447E-15"
Q54,N36,"56,44",0
F10,K02,"1,35","5,812E-59"
C43,D23,"7,52",0
E16,I46,"1,76","1,924E-42"
G20,A41,"1,41","8,26E-107"
E10,E87,"2,33",0
C50,M90,"8,47",0
J45,G47,"1,4","9,939E-97"
D27,K43,"1,48","2,808E-33"
E10,G63,"9,72",0
G45,D68,"2,44","3,272E-160"
K50,E86,"4,11",0
Q21,H66,"1,98","2,995E-204"
C34,C77,"4,94",0
E11,J90,"1,11","3,046E-14"
K20,E86,"1,63","1,544E-125"
M05,I50,"1,1","2,3E-18"
K70,K72,"32,92",0
M62,K30,"1,5","2,093E-210"
B27,J35,"2,09","1,434E-128"
C61,G55,"9,1",0
K50,M85,"3,43",0
L05,E66,"1,39","6,06E-44"
J45,A46,"1,31","3,36E-58"
M62,K25,"1,16","2,359E-14"
E11,F05,"1,31","1,001E-44"
G20,F02,"28,05",0
G40,E87,"2,78",0
G35,J96,"1,82","2,633E-209"
C54,C79,"2,24","5,795E-241"
G20,E86,"1,98",0
F10,I63,"1,35","1,887E-192"
C56,D64,"1,55","6,881E-267"
L40,J96,"1,28","3,172E-19"
C67,C77,"4,46",0
K51,M85,"1,91","3,891E-105"
N31,E86,"1,55","2,978E-45"
G40,I46,"1,36","4,119E-38"
E78,N17,"1,19","1,438E-19"
K22,E86,"1,49","1,116E-124"
K70,E86,"3,23",0
I25,D68,"1,54","5,987E-161"
E11,G96,"1,18","1,1E-15"
I10,K65,"1,09","9,09E-13"
I35,D68,"3,19",0
I64,J81,"1,22","7,781E-34"
C50,L81,"4,71",0
M06,L98,"2,73",0
C77,D63,"4,49",0
M48,N39,"1,2","4,53E-54"
I64,J69,"2,51","3,182E-257"
M05,M80,"2,72",0
I20,A08,"1,13","5,668E-12"
E11,A04,"1,36","2,518E-70"
K59,A41,"1,13","5,337E-28"
C61,N30,"1,22","3,792E-154"
C50,E83,"1,58","9,321E-106"
K30,K52,"1,64","2,589E-170"
H43,N18,"1,84","1,9E-123"
J44,A04,"1,37","5,863E-99"
M48,K59,"1,23","1,192E-60"
F10,N17,"1,92",2.470328e-322
E10,D63,"1,3","3,885E-93"
C43,I89,"6,96",0
M35,J18,"1,27","4,544E-142"
C32,J95,"29,35",0
K29,M81,"1,14","5,342E-22"
I73,D64,"1,09","5,49E-14"
D30,D09,"18,64",0
M62,G62,"1,42","5,292E-33"
C61,N13,"4,11",0
E14,E86,"1,44","3,117E-123"
N92,N99,"1,78","1,154E-95"
I25,N30,"1,03","3,998E-10"
K85,E13,"7,68",0
I70,F17,"2,05",1E-274
M54,M80,"3,02",0
F10,K74,"4,09",0
F10,J44,"1,63",0
A46,E86,"1,18","6,526E-33"
I25,E16,"1,34","6,141E-168"
F10,A49,"1,57","4,325E-196"
N87,N88,"11,96",0
K22,J96,"1,24","3,637E-24"
I70,J81,"1,86",0
E11,E64,"1,32",3E-44
M17,M48,"1,15","4,224E-51"
I21,E25,"2,54","2,73E-86"
E11,N08,"6,05",0
M81,J15,"1,43","3,593E-168"
I34,I46,"2,14","2,8E-102"
K05,E86,"1,58","1,588E-35"
J44,B37,"1,98",0
E10,H57,"2,31","1,923E-239"
F10,I64,"1,61",0
G40,K59,"1,26","5,052E-139"
I64,E64,"1,93","1,08E-128"
Q25,J20,"1,65","1,025E-57"
M06,M80,"2,5",0
J43,C34,"1,26","1,947E-19"
C34,D64,"1,11","1,596E-47"
E10,H26,"2,44",0
F10,D50,"1,91",0
I25,A04,"1,12","2,183E-12"
C50,J94,"3,33",0
F10,F60,"6,24",0
C50,M89,"1,37",4E-57
C53,C78,"3,84",0
C25,D63,"3,32",0
F10,K62,"1,14","2,669E-35"
F10,K65,"1,5","7,149E-132"
K80,C22,"1,38","1,598E-16"
M35,N30,"1,28","8,84E-108"
L97,A41,"2,18",0
H36,N39,"1,27","2,321E-33"
I20,I65,"1,68",0
J45,F17,"1,74","8,813E-193"
I50,L89,"1,1","3,696E-13"
E11,K72,"1,65","1,959E-188"
K51,A41,"1,37","1,103E-67"
K29,F17,"2,4","4,064E-291"
F10,B37,"1,9","4,069E-298"
M31,M85,"4,78",0
K58,F17,"1,38","1,008E-14"
K04,J96,"1,3","1,016E-12"
I47,D68,"1,57","2,561E-42"
M54,G62,"1,43","1,933E-88"
K40,F17,"1,54","1,778E-127"
E11,I70,"2,13",0
M62,M79,"1,98",0
C20,D64,"1,16","2,285E-37"
K30,F32,"1,4","3,954E-79"
C81,A41,"7,07",0
I64,E87,"1,15","4,026E-30"
M80,A41,"1,3","9,993E-53"
K81,K43,"2,68","2,205E-165"
E03,J96,"1,23","3,911E-34"
K44,M81,"1,15","9,759E-19"
L40,M81,"1,47","2,39E-70"
F10,C10,"1,65","1,123E-46"
I70,N18,"2,16",0
K50,K56,"11,84",0
F10,J69,"3,17",0
K85,E16,"1,68","1,468E-38"
C32,J96,"1,58","8,684E-68"
K50,K43,"4,14",0
I70,A49,"1,71","1,966E-195"
I20,I74,"1,11","1,083E-10"
F10,D62,"2,51",0
K80,E66,"1,88",0
F10,L08,"1,85",0
M62,I80,"1,13","0,000000001"
K62,C18,"2,55",0
C32,E86,"1,47","4,334E-49"
M05,L98,"2,54",0
I12,A41,"3,93",0
E11,J69,"1,16","8,841E-11"
I84,F17,"1,26","2,226E-21"
K26,K43,"1,64","2,203E-78"
E10,E12,"15,28",0
C82,A41,"4,44",0
I25,F01,"1,1","7,998E-11"
G40,F44,"17,2",0
N40,N45,"2,68",0
E84,J15,"66,29",0
M06,L89,"2,41","8,86E-204"
C53,K52,"3,33",0
D06,N88,"11,74","1,666E-295"
I25,I51,"2,67",0
K86,A41,"2,66",0
I64,D68,"2,01","2,562E-167"
I70,E70,"10,44",0
M67,J22,"1,58","2,74E-12"
M62,I95,"1,41","4,146E-20"
J45,F41,"1,77","2,536E-139"
C50,F43,"1,64","6,712E-104"
L08,F17,"1,35","6,655E-14"
I50,J96,"1,92",0
J20,J15,"2,07","1,832E-275"
H65,H52,"1,27","9,954E-16"
K21,K59,"1,79",0
C64,D63,"6,36",0
C09,K10,"26,23",0
L30,J96,"1,34","1,19E-19"
I20,I78,"3,01",0
F10,M80,"2,01",0
J43,I46,"1,39","2,293E-10"
C50,F41,"1,29","1,733E-41"
N63,L90,"1,33","5,318E-22"
N63,D05,"10,83",0
C53,A41,"2,03","2,629E-219"
F10,C13,"1,35","5,581E-16"
M81,L89,"1,29","1,618E-26"
I64,I65,"5,97",0
C53,N13,"13,9",0
M51,G62,"1,4","4,143E-82"
H25,E16,"1,39","5,411E-126"
Q21,A09,"1,57","1,48E-84"
N63,I89,"1,56","2,226E-20"
J20,J30,"1,8","5,332E-54"
N62,L90,"4,85",0
E11,E12,"6,1",0
M31,A41,"2,13","5,464E-276"
L40,J18,"1,18","3,821E-27"
M62,I11,"1,34","1,21E-14"
K80,F17,"2,18",0
F10,E64,"2,61",0
J42,K59,"1,34","1,497E-81"
E66,H36,"2,54",0
K86,E16,"7,32",0
I34,K04,"6,59",0
N20,A41,"1,47","3,067E-188"
M54,G95,"1,99","1,864E-159"
D64,A41,"1,61",0
E10,E34,"2,56","1,671E-298"
J42,J15,"2,83",0
I48,E87,"1,09","2,642E-32"
M23,M13,"1,17","2,837E-26"
M62,F41,"1,82","2,964E-99"
G20,L89,"2,68","9,257E-282"
N30,J69,"1,73","1,803E-79"
H34,I69,"1,47","1,717E-45"
L02,J22,"1,44","1,469E-13"
D50,A41,"1,29","1,645E-43"
G82,N31,"29,62",0
J44,F41,"2,38",0
I42,E86,"1,15","2,024E-11"
K80,C24,"3,93",0
C67,N19,"1,37","4,4E-94"
C50,J93,"1,88","5,822E-165"
C62,H91,"2,96",0
G40,N30,"1,68",0
C79,F41,"2,5","6,54E-241"
J00,J03,"1,99","4,757E-246"
K29,K56,"1,17","5,29E-14"
I35,N17,"2,18","6,136E-273"
M05,L97,"2,38",0
M54,F41,"1,2","2,129E-16"
D48,C78,"2,22","1,563E-135"
E66,N17,"1,84","2,962E-125"
K50,A41,"2,64",0
E03,I46,"1,37","1,373E-17"
C73,E89,"38,32",0
L02,L97,"3,73",0
J42,D64,"1,11","5,432E-15"
J45,I80,"1,12","2,061E-13"
H66,J35,"1,79",0
I70,D50,"1,22","1,634E-42"
K29,N17,"1,35","3,927E-19"
C18,N13,"2,65",0
G20,J15,"1,52","7,197E-129"
N03,K65,"17,27",0
I10,I12,"3,42",0
I48,E55,"1,3","2,351E-52"
Q90,B34,"2,73","7,557E-229"
F10,M79,"1,06","1,557E-14"
E14,A41,"2,15",0
L40,D64,"1,17","1,274E-11"
G45,I73,"1,22","1,198E-29"
I15,A41,"2,57",0
E11,E34,"2,3","2,217E-290"
H36,J18,"1,09","8,433E-11"
C56,K59,"1,66",0
I69,L89,"2,17",0
I50,D68,"1,83","6,776E-229"
I20,K21,"1,46",0
C15,E86,"1,92","1,326E-292"
G71,J96,"30,88",0
I10,E25,"1,57","2,497E-54"
I48,N19,"1,1","5,162E-37"
A15,B90,"162,84",0
M35,L97,"1,29","1,962E-22"
N18,N25,"40,96",0
M05,L89,"2,52","9,494E-214"
C50,I42,"1,16","4,957E-13"
M80,J96,"1,88",0
I20,E50,"1,78","8,237E-71"
G35,J69,"11,46",0
N95,C55,"4,95","2,435E-137"
N18,I46,"3,06",0
M35,K59,"1,14","7,682E-17"
C44,L90,"6,15",0
G20,J18,"1,42",0
C73,E03,"5,35",0
K35,C18,"1,33","2,736E-15"
C77,C80,"11,81",0
H91,H54,"1,78","2,715E-247"
F10,I85,"4,88",0
D48,C79,"2,66","2,328E-178"
G62,J96,"1,55","1,136E-62"
M53,F17,"1,73","2,073E-51"
M62,G45,"1,2","4,598E-18"
N03,A41,"5,25",0
C78,F41,"2,17","9,816E-240"
J00,G47,"1,49","5,538E-13"
K29,C22,"1,48","8,919E-13"
E10,K52,"1,72",0
D27,K56,"1,29","2,794E-14"
E10,A08,"3,09",0
L98,I46,"1,63","3,079E-23"
M35,N18,"1,27","3,203E-30"
C43,D63,"2,12","1,567E-187"
F10,K76,"2,85",0
J45,I27,"2,45","1,251E-271"
K51,K43,"2,58",0
N92,N80,"3,66",0
C20,K65,"3,64",0
C50,D71,"7,53",0
N31,J96,"1,41","2,344E-22"
Q90,J35,"3,16",0
I10,E55,"1,54","3,342E-213"
E10,M75,"1,09","2,396E-21"
N30,L89,"2,14",0
C91,J96,"1,61","7,476E-150"
L02,L98,"3,79",0
K22,J15,"1,16","1,033E-10"
C53,N39,"1,14","9,344E-12"
Q25,H66,"1,83","6,09E-68"
I35,D64,"1,52",0
D12,K56,"1,73","9,606E-202"
L02,L90,"2,04","2,608E-140"
H81,E87,"1,18","4,27E-10"
I63,F01,"3,5",0
G45,I63,"3,48",0
I20,I99,"2,91",0
K30,F33,"1,47","8,238E-36"
G20,G21,"43,84",0
K30,K55,"1,53","1,954E-20"
M48,F32,"1,4","2,379E-81"
C83,J18,"1,84",0
D50,D63,"2,7",0
M06,I50,"1,18","8,746E-57"
C43,L90,"2,96","8,45E-171"
E11,H35,"1,3","3,28E-276"
E11,F32,"1,39",0
I50,E87,"1,55",0
K29,K55,"2,54","2,108E-122"
G56,M48,"1,26","6,845E-53"
K30,E55,"1,36","1,568E-11"
K29,N18,"1,23","3,489E-34"
K44,F17,"2,01","3,247E-104"
I25,K55,"1,58","4,002E-164"
A46,L98,"4,96",0
I25,D50,"1,33","3,412E-248"
Q25,J18,"2,28","2,12E-237"
E11,H28,"5,61",0
K05,J96,"1,52","6,418E-27"
K70,I46,"1,43","7,073E-27"
E66,J22,"1,51","7,359E-34"
F03,G30,"7,28",0
L97,J96,"1,31","5,436E-39"
C34,D71,"9,95",0
I25,E55,"1,3","1,355E-41"
I70,N17,"1,79","2,415E-231"
K05,I08,"14,25","1,602E-156"
J44,N17,"1,28","1,046E-98"
N40,F33,"1,33","5,938E-28"
I34,A41,"1,14","1,139E-10"
E03,A41,"1,25","3,711E-42"
Q21,J05,"1,41","2,549E-32"
Q25,A09,"1,59","2,809E-41"
G40,J81,"1,33","2,608E-26"
K40,N50,"1,73","4,543E-170"
E10,N30,"1,78",0
C53,K59,"1,45","7,069E-82"
L02,B18,"3,68",0
M31,J15,"1,69","1,129E-85"
K44,F32,"1,47","1,193E-63"
J42,M81,"2,05",0
C85,J18,"1,55","9,119E-281"
I64,C71,"1,78","2,25E-94"
K30,D12,"1,53","1,647E-165"
K30,D50,"1,38","1,665E-45"
D41,C78,"2,15","1,138E-49"
H36,N17,"2,26","8,774E-92"
E11,F17,"1,21","3,478E-48"
N83,E66,"1,27","1,848E-71"
I20,K08,"1,13","5,046E-13"
N83,K43,"1,3","7,101E-17"
I64,F17,"1,16","7,054E-10"
I35,D62,"1,96","1,179E-229"
H36,H43,"24,5",0
E16,A41,"1,77","4,372E-180"
H36,L89,"2,78","5,903E-163"
K92,K72,"7,7",0
E14,N18,"3,04",0
F10,G93,"1,99","3,334E-193"
K86,J96,"1,64","1,45E-123"
C32,C34,"1,86","2,474E-171"
E66,E16,"1,36","1,362E-41"
H36,I73,"1,7","1,637E-129"
K05,A41,"1,87","1,197E-75"
E11,I51,"1,48","9,838E-221"
K70,A41,"3,13",0
K70,J96,"1,6","7,932E-188"
F10,F32,"4,42",0
D63,F41,"2,53","4,504E-111"
N60,C50,"1,59","2,202E-166"
J20,H65,"1,27","1,855E-75"
H33,H26,"9,41",0
K29,K83,"1,66","1,496E-56"
G40,L89,"1,7","2,608E-110"
K20,J18,"1,15","3,88E-26"
K51,M07,"6,08",0
C64,C79,"12,45",0
C50,I82,"1,28","3,524E-20"
E11,I44,"1,61",0
H43,N19,"1,85","2,584E-79"
A63,F17,"1,3","2,464E-10"
F10,C09,"1,53","1,771E-36"
F10,F05,"6,41",0
K92,I46,"1,25","1,943E-13"
I70,D62,"1,3","1,288E-43"
F32,J96,"1,31","4,276E-58"
F10,G31,"6,31",0
J20,M81,"1,49","1,845E-52"
Q89,H65,"2,45","3,645E-59"
G00,H94,"66,29",0
E10,H28,"13,2",0
I48,M10,"1,92",0
D86,M85,"4,47","3,006E-282"
C53,I89,"10,34",0
N92,E66,"1,69",0
M35,M80,"2,69",0
L30,J15,"1,33","8,834E-17"
F10,I95,"1,85","1,264E-236"
K29,E55,"1,73","1,314E-32"
J43,M81,"3,35",0
G35,L97,"2,06","1,917E-126"
C91,J15,"2,36",0
N31,J18,"1,24","7,41E-30"
G20,J69,"4,8",0
I20,I08,"1,48","2,997E-26"
I48,I62,"1,78","3,687E-97"
C50,G55,"3,66",0
C53,N30,"1,65","4,85E-233"
C34,E83,"3,07",0
C32,K04,"6,55",0
C67,N10,"3,03",0
K25,N18,"1,12","1,088E-10"
F10,A04,"1,41","1,904E-45"
E10,L08,"2,62",0
H81,I63,"1,41","1,717E-72"
E10,N17,"2,82",0
J45,I82,"1,26","1,37E-10"
K65,K43,"5,12",0
H36,N30,"1,33","1,528E-66"
E05,I69,"1,11","7,638E-15"
I25,M10,"2,04",0
G62,A41,"1,46","3,43E-53"
L40,J15,"1,29","3,157E-17"
I34,K05,"6,12",0
I21,N19,"1,2","1,833E-52"
M31,M80,"2,87",0
E66,L89,"1,58","6,277E-57"
K25,K72,"3,27","1,269E-265"
B34,E34,"1,46","1,379E-13"
I35,K92,"1,29","2,574E-73"
K85,E10,"2,03",0
I42,A41,"1,17","7,375E-15"
C83,B37,"5,65",0
N40,N13,"1,58","9,425E-276"
I47,I95,"1,87","1,135E-137"
I64,G41,"4,1",0
Q21,K59,"1,21","2,81E-12"
K85,K43,"2,05","3,994E-111"
K30,K83,"1,41","1,308E-27"
N40,G21,"1,43","1,861E-23"
C78,D63,"4,66",0
E11,E55,"1,89","9,275E-254"
K86,J15,"2,03","1,112E-223"
N97,N98,"10,84",0
K50,L98,"2,73",0
M80,E86,"1,44","1,883E-232"
G35,N10,"3,53",0
E88,M85,"2,15","2,253E-36"
Q90,J18,"4,81",0
J41,I46,"1,84","4,103E-20"
K29,A04,"1,66","5,285E-39"
K50,M07,"7,84",0
N60,D05,"6,18",0
N92,N81,"1,18","2,18E-38"
I48,J22,"1,32","2,644E-79"
C61,N99,"2,2",0
C32,C78,"1,23","8,982E-13"
M54,G98,"1,35","7,143E-11"
Q21,H91,"1,53","1,363E-50"
N76,F17,"1,52","3,433E-13"
M35,L98,"1,93","1,536E-146"
N40,I10,"1,03","8,594E-13"
I60,I69,"6,78",0
K25,E87,"1,45","2,04E-90"
K21,F32,"1,32","1,609E-37"
C56,E83,"5,68",0
E11,K55,"1,16","1,088E-12"
C56,A41,"1,13","4,186E-13"
H81,F32,"1,61","1,324E-96"
I48,I51,"2,37",0
M31,N39,"1,18","2,565E-14"
I10,I11,"2,54",0
N31,A41,"2,21","1,691E-179"
D35,E89,"46,93",0
J44,E55,"1,38","4,448E-76"
I50,M10,"2,91",0
E16,E15,"57,23",0
K04,A41,"1,65","1,394E-55"
I63,N39,"1,12","6,804E-32"
J45,M19,"1,15","4,931E-18"
E10,H35,"2,22",0
L40,I46,"1,45","8,421E-13"
N81,K62,"1,21","2,342E-42"
C32,J15,"1,38","1,324E-25"
C64,E86,"1,29","6,318E-27"
K21,M80,"1,23","2,5E-16"
I50,A04,"1,23","3,881E-27"
Q21,J00,"2,74",0
K26,F03,"1,13","1,984E-10"
K21,E66,"1,24","1,891E-48"
N40,N28,"1,63","1,65E-124"
N97,N99,"1,68","1,782E-37"
I34,D68,"4,02","5,881E-251"
K86,E86,"2,81",0
Q90,H65,"5,93",0
K86,H36,"2,34","1,803E-221"
Q21,H50,"1,34","1,161E-13"
M62,K58,"1,5","3,302E-80"
M79,M80,"1,15","1,483E-12"
K21,D64,"1,27","2,341E-63"
M17,M15,"2,53",0
I63,F03,"1,16","2,554E-34"
C91,B02,"16,97",0
E78,I95,"1,61","3,447E-146"
K05,J18,"1,53","2,009E-97"
M32,M85,"8,49",0
I20,G45,"1,18","1,707E-108"
I10,I13,"2,84",0
E11,H43,"1,93",0
K29,F33,2,"6,414E-127"
K62,K56,"1,73","1,631E-240"
E03,E86,"1,4","7,025E-174"
J45,F43,"1,24","5,863E-20"
N87,N84,"1,59","4,741E-65"
I50,K55,"1,33","1,041E-43"
F10,K20,"3,41",0
E11,H25,"1,22",0
K22,J18,"1,18","7,335E-52"
F10,G41,"2,87",0
K29,K65,"1,3","1,412E-16"
C20,C77,"2,31",0
E11,C25,"1,25","1,02E-52"
C62,E29,"17,81",0
N31,J15,"1,32","5,368E-13"
N20,E21,"5,12",0
C91,D63,"4,63",0
M54,E55,"2,13","1,908E-166"
I35,I97,"4,35",1.976263e-323
C53,K62,"2,55",0
D30,N99,"3,13",0
K26,K59,"1,11","4,374E-10"
I70,K52,"1,13","2,137E-16"
C06,K10,"36,89",0
C54,K52,"1,43","2,864E-30"
J42,L97,"1,18","5,32E-10"
C82,J18,"1,93",0
H36,I69,"1,69","3,829E-192"
E10,H45,"16,36",0
I35,J90,"2,35",0
C18,E87,"1,11","2,727E-10"
G35,L98,"1,68","8,968E-70"
I20,H36,"1,12","3,508E-30"
C90,K04,"5,6",0
L03,M19,"1,23","1,83E-10"
C32,K05,"8,21",0
M25,M81,"1,14","3,217E-12"
J42,M85,"1,33","5,609E-10"
H65,F84,"1,54","5,25E-13"
I20,I45,"2,07",0
M05,A49,"2,02","1,547E-110"
F10,K52,"1,42","1,068E-163"
C09,K05,"17,32",0
M62,A09,"1,26","2,813E-36"
K51,L98,"1,26","1,312E-17"
I20,M79,"1,15","2,558E-110"
G62,J15,"1,31","6,537E-19"
C77,F41,"2,24","6,695E-137"
I20,I48,"1,41",0
H81,I69,"1,55","4,317E-180"
C43,L82,"12,26",0
M62,M13,"1,21","3,249E-14"
I25,J94,"1,16","2,429E-18"
M47,F32,"1,44","1,895E-50"
C53,C79,"2,25","8,333E-249"
I34,D64,"1,52","2,55E-193"
M62,K44,"1,27","5,6E-32"
I25,E50,"2,69",0
I50,L98,"1,36","2,116E-158"
Q54,N99,"22,28",0
Q21,J03,"1,7","5,231E-77"
M02,M81,"1,37","4,857E-16"
I69,J22,"1,66","4,234E-102"
F10,F19,"5,61",0
E05,J22,"1,41","9,709E-14"
A46,J15,"1,16","2,298E-14"
C62,N46,"4,15",0
C20,G95,"3,07","3,504E-307"
E66,L97,"2,32",0
K52,A41,"1,39","1,178E-70"
E10,H25,"1,91",0
K05,J15,"1,64","2,403E-31"
Q21,J20,"1,62","2,397E-114"
M31,J18,"1,54","8,02E-260"
D33,A41,"1,28","2,169E-12"
F10,E14,"1,38","6,356E-189"
I70,N19,"1,97",0
I25,I97,"1,88","1,638E-152"
D25,C54,"1,88","2,637E-83"
L30,A41,"1,67","1,741E-74"
I11,E86,"1,21","8,643E-19"
J44,K56,"1,06","5,528E-13"
I50,L97,"1,53",0
C56,E87,"1,35","5,045E-52"
J44,K55,"1,26","3,004E-40"
I50,D64,"1,27",0
G35,A46,"1,47","2,416E-44"
K86,E13,"27,69",0
J44,E64,"1,21","1,285E-26"
I64,F05,"1,19","1,079E-09"
G95,F41,"4,03","6,411E-132"
J20,J22,"2,55","3,482E-46"
G40,J22,"1,66","8,7E-53"
L30,E86,"1,4","2,296E-37"
I50,J22,"1,82","6,026E-277"
K02,E86,"1,81","1,382E-60"
M54,N31,"1,46","3,066E-66"
I50,A49,"1,11","9,866E-14"
N83,N99,"4,85",0
L03,A41,"1,22","1,264E-13"
F10,K21,"1,71",0
G56,M19,"1,79",0
M35,I50,"1,14","3,314E-35"
D41,C79,"2,73","1,173E-78"
E11,E50,"3,16",0
L03,I73,"1,49","1,699E-30"
E05,F32,"1,18","1,033E-18"
M13,M85,"1,5","9,333E-26"
M05,D63,"1,19","2,487E-10"
K20,F03,"1,21","3,745E-10"
K05,E64,"6,11","2,055E-153"
M79,M48,"1,71","1,787E-307"
F32,A41,"1,25","2,198E-44"
E10,I95,"2,09",0
I71,N18,"1,69","1,981E-228"
G40,K92,"1,36","1,859E-128"
Q25,J00,"2,14","7,041E-97"
F10,K29,"2,72",0
C32,K02,"9,42",0
M05,J22,"1,86","2,69E-39"
J42,J22,"4,31","4,251E-283"
Q21,H52,"2,33","1,377E-97"
C09,C10,"88,23",0
C53,D64,"1,91","5,322E-274"
K02,I46,"1,84","2,121E-15"
J43,J22,"5,57","1,701E-234"
Q61,K65,"14,38",0
F10,F99,"5,18",0
K85,E14,"2,09","7,538E-152"
G35,E87,"1,5","8,697E-50"
L02,I73,"1,19","3,481E-13"
J41,J96,"4,04",0
E10,J18,"1,46",0
J98,C78,"1,43","1,762E-33"
I69,J81,"1,65","4,202E-192"
K35,K46,"2,46","3,424E-23"
J44,K92,"1,05","1,764E-11"
C16,E64,"5,4",3.856471e-312
E10,H33,"2,61",0
I64,E55,"1,31","1,352E-17"
K25,K59,"1,26","7,936E-70"
K30,C16,"2,58","3,038E-190"
I10,I27,"1,26","4,564E-78"
Q90,J45,"1,5","1,041E-52"
L40,N30,"1,37","2,726E-61"
K80,C23,"6,83","7,172E-276"
C61,F41,"2,01","8,058E-157"
M81,F05,"1,62","2,174E-55"
I83,D68,"1,24","8,462E-15"
Q90,J00,"4,59",0
M62,I24,"2,38","1,658E-106"
I21,I24,"4,36",0
C62,E89,"11,21",3.263377e-316
K29,K52,"1,9","2,184E-266"
J45,E66,"1,91",0
I65,F01,"2,04","2,172E-21"
K58,F32,"1,5","9,431E-40"
K59,J69,"1,65","1,048E-38"
F10,C06,"1,77","1,649E-99"
I70,K55,"4,03",0
I80,I73,"1,25","8,943E-32"
N97,D25,"2,01",0
L20,M81,"2,19","7,608E-69"
C34,G95,"3,98",0
K30,E78,"1,1","4,079E-16"
E84,E10,"14,57",0
C09,K04,"13,27",0
D24,I97,"1,76","4,657E-11"
N40,D09,"1,22","0,000000001"
H36,L98,"2,88",0
C90,J15,"2,22",0
I10,M80,"1,04","7,948E-10"
J90,C38,"30,15",0
K50,J18,"1,25","1,944E-69"
C45,D63,"5,81",0
G50,E86,"1,42","6,63E-21"
I20,E70,"1,92","2,721E-60"
N35,A41,"1,23","2,164E-13"
E78,E25,"3,43","5,82E-193"
K80,E68,"1,45","3,79E-16"
E05,H06,"53,3",0
I70,I97,"3,29",0
K02,J96,"1,91","6,52E-64"
J84,I46,"1,99","9,46E-58"
E88,J22,"4,05","1,676E-56"
K20,K72,"2,72","2,149E-78"
C20,N31,"1,93","1,854E-87"
J00,J30,"1,68","2,267E-17"
E10,I69,"2,03",0
E10,G56,"1,5",0
D12,K91,"2,04","1,615E-98"
I10,I51,"1,67",0
C50,L58,"7,04","2,483E-229"
K29,E64,"1,73","7,372E-35"
C18,K59,"1,69",0
H81,F01,"1,46","1,838E-13"
M35,F32,"1,57","7,654E-111"
C20,K45,"3,82","1,408E-166"
Q21,E86,"1,75","1,803E-65"
E04,J38,"4,21",0
E16,N18,"3,61",0
C32,K10,"7,5",0
F10,K71,"4,71",0
I64,I61,"4,81",0
M35,N19,"1,18","2,459E-10"
C50,N61,"2,28","3,782E-283"
C61,I89,"5,26",0
M06,D63,"1,28","2,764E-21"
I20,E03,"1,38","7,13E-258"
J45,H26,"1,17","1,071E-18"
N20,N39,"1,77",0
Q25,J05,"1,3","1,087E-09"
K21,E64,"1,51","4,731E-17"
M05,A04,"1,65","7,095E-28"
Q25,J03,"1,58","2,585E-25"
E11,A09,"1,5",0
M35,D64,"1,44","9,363E-175"
E84,J32,"33,83",0
E16,N19,"3,38",0
E10,F01,"1,8","2,567E-131"
F10,K08,"1,24","2,893E-22"
I12,K65,"13,41",0
I10,F06,"1,31","2,163E-37"
E05,F01,"1,53","1,076E-25"
C83,D61,"19,25",0
K26,E87,"1,47","1,389E-64"
L40,E87,"1,53","2,824E-36"
K25,C22,"1,53","3,444E-15"
G20,N39,"1,85",0
D86,J96,"3,77",0
N13,D63,"3,25",0
E11,N28,"1,37","3,308E-68"
M17,I80,"1,31","1,873E-152"
I70,E64,"1,26","1,4E-13"
C77,G95,"3,39",8.902380e-315
F10,K22,"2,25",0
C61,M90,"7,77",0
C61,C77,"1,38","4,166E-71"
I73,L89,"1,9","4,016E-110"
A09,F03,"1,21","2,723E-21"
I25,F41,"1,15","1,141E-18"
M32,A41,"4,15",0
K85,E11,"1,66","3,314E-267"
I15,I46,"2,14","1,22E-53"
I48,K55,"1,19","1,522E-22"
I71,J96,"1,19","1,774E-23"
M06,A49,"2,11","1,122E-134"
N40,G20,"1,2","3,171E-37"
E10,M86,"4,77",0
I34,I08,"19,85",0
I65,F32,"1,41","4,397E-18"
J43,J15,"4,03",0
E14,J15,"1,25","4,236E-27"
K25,J18,"1,08","1,223E-24"
K86,J18,"1,68",0
H81,G96,"3,24","4,039E-150"
C15,E64,"5,59",0
C90,B02,"12,77",0
E11,E25,"3,24",0
E10,J81,"2,72",0
G20,N30,"1,72",0
I25,F33,"1,2","2,984E-37"
E88,J96,"6,76",0
N39,J69,"1,7","4,731E-46"
M51,M80,"1,34","7,442E-56"
N40,G23,"1,45","3,208E-10"
G71,G82,"28,55",0
C53,N82,"21,33",0
F10,E55,"2,86",4.940656e-324
I73,L98,"2,65",0
F10,E13,"2,26","1,138E-271"
I71,I46,"1,76","1,759E-77"
G45,G30,"1,47","5,418E-21"
I70,D68,"1,52","9,155E-54"
K44,M80,"1,43","3,961E-48"
C62,C77,"17,39",0
N80,N99,"12,02",0
Q90,J05,"3,57","2,58E-255"
E66,E65,"4,31",0
N13,E86,"1,29","3,81E-63"
I35,K01,"8,29",0
D48,C77,"3,49","4,9E-189"
G80,M41,"6,53",0
I35,A49,"1,24","1,655E-17"
M16,M48,"1,57",0
E14,J96,"1,34","1,452E-60"
N40,N49,"1,73","2,36E-64"
D51,A41,"1,36","1,404E-19"
K85,C25,"3,99","4,422E-239"
I69,J15,"1,42","4,01E-288"
F32,F33,"8,2",0
C50,I31,"2,65","5,148E-213"
J42,E87,"1,56","1,496E-83"
J20,J96,"2,41",0
F10,C32,"1,24","2,951E-17"
C83,J15,"1,56","3,404E-100"
I50,E16,"1,43","5,785E-181"
K51,M25,"1,57","3,582E-100"
I64,G96,"2,52","2,427E-248"
C49,D63,"8,33",0
M31,I46,"1,87","7,642E-38"
E10,D50,"1,62","1,108E-300"
M06,I70,"1,18","4,106E-30"
I20,K30,"1,62",0
Q21,H90,"1,86","9,056E-60"
I88,C83,"10,3","1,617E-267"
F10,B18,"2,58",0
I25,K62,"1,05","2,963E-11"
C67,N13,"7,38",0
Q21,K02,"2,86","3,866E-135"
I50,E25,"2,77","3,261E-204"
M16,M19,"1,5",0
L68,E66,"2,13","3,676E-229"
K21,K57,"1,63","7,641E-185"
A09,K59,"1,6",0
C20,F41,"2,08","4,309E-106"
N92,D07,"2,16","1,31E-105"
J44,E47,"2,06","8,162E-95"
G20,J81,"1,36","1,28E-21"
J45,J81,"1,2","5,457E-10"
A46,L89,"2,94",0
E05,H05,"28,92",0
I25,F32,"1,26","7,846E-208"
K70,E87,"3,44",0
I34,J15,"1,16","5,154E-11"
K29,M80,"1,3","3,163E-36"
N83,F17,"1,48","7,739E-32"
D33,H02,"4,06","6,285E-197"
E84,E13,"98,6",0
F10,F01,"2,71","2,594E-219"
N30,J15,"1,27","1,536E-140"
C64,C77,"7,59",0
I25,M80,"1,09","1,325E-23"
E11,L08,"1,85",0
C44,C77,"3,23",0
Q90,J20,"2,44","4,967E-161"
I48,D50,"1,08","6,026E-18"
G20,G22,"44,52",0
Q89,B34,"1,5","4,594E-12"
M81,L97,"1,12","3,187E-11"
M06,I21,"1,15","3,246E-20"
C69,C43,"23,23",0
G45,G96,"2,34","1,54E-112"
C62,D63,"5,25",0
M62,N20,"1,14","2,61E-11"
M54,G56,"1,07","4,075E-11"
N83,K56,"1,25","1,631E-12"
C56,N13,"4,66",0
K90,M81,"3,01","1,333E-265"
J18,J47,"6,08",0
F10,E47,"1,79","5,287E-25"
K26,K72,"3,11","6,275E-180"
C15,C78,"3,07",0
C64,C78,"8,42",0
M62,K27,"1,41","7,608E-24"
K70,K42,"5,51",0
J46,M81,"2,36","8,191E-61"
D45,A41,"1,33","1,218E-12"
Q25,E86,"1,6","2,219E-19"
I65,I73,"2,57","1,454E-278"
K86,E14,"6,07",0
K35,K65,"4,15",0
F10,I98,"5,15",0
D48,I97,"3,65","2,56E-40"
G45,I95,"1,45","2,564E-42"
D34,E89,"15,33","5,575E-179"
J38,J96,"1,24","2,602E-13"
E14,D64,"1,53","6,084E-216"
M23,M00,"1,96","9,172E-118"
B34,J15,"1,22","6,014E-11"
F10,C02,"1,87","3,212E-66"
J43,M85,"3,21","1,565E-154"
M62,M16,"1,22","4,742E-36"
H65,G96,"1,44","5,722E-11"
K26,C16,"1,59","2,256E-26"
K70,I98,"36,32",0
J40,J96,"3,32","2,09E-153"
D45,J15,"1,53","3,561E-21"
Q05,N30,"10,64",0
E11,M86,"2,69",0
K20,K59,"1,49","1,888E-80"
M31,N30,"1,24","1,286E-34"
E10,J22,"1,51","3,719E-64"
I20,K27,"1,12","9,17E-16"
E10,A04,"2,14",3.850422e-318
I25,A08,"1,34","1,318E-81"
I50,N17,"2,5",0
K29,F32,"1,66","1,284E-188"
Q61,A41,"5,03",0
K25,K56,"1,23","6,278E-24"
C20,K61,"5,49",0
D64,K55,"3,29",0
C67,D09,"17,1",0
I50,K92,"1,08","6,565E-24"
C53,C77,"4,7",0
I25,I08,"2,14","6,53E-142"
M62,I26,"1,36","2,264E-29"
I25,A09,"1,21","5,863E-122"
J12,H65,"1,27","9,228E-19"
D50,N17,"1,8","7,69E-50"
I42,N18,"2,07",1.581368e-316
N95,D07,"7,97",0
F10,K70,"6,87",0
Q61,N18,"20,31",0
C34,G47,"1,18","5,743E-22"
K29,N19,"1,17","1,035E-13"
I70,E47,"2,43","1,129E-45"
G62,F03,"1,57","6,944E-46"
H36,H45,"52,6",0
K04,D64,"1,3","3,274E-19"
G40,M41,"2,25",0
I35,N18,"1,58",7.451511e-316
J44,J41,"5,56",0
I70,A04,"1,32","6,259E-24"
F10,I80,"1,32","1,115E-157"
N30,J22,"1,52","7,554E-74"
Q21,A08,"1,76","3,451E-59"
Q05,N39,"18,11",0
K80,K42,"1,77","9,473E-188"
M54,M75,"1,23","1,591E-141"
M06,J22,"1,76","3,896E-33"
K25,E64,"1,72","1,727E-33"
N95,C53,"2,36","5,085E-120"
F10,K27,"2,87",0
E14,E87,"1,95","5,278E-220"
K92,J96,"1,16","3,601E-20"
M06,K52,"1,27","1,087E-25"
H81,F33,"1,48","1,216E-20"
F10,J86,"2,01","7,357E-197"
K86,I73,"1,77","7,792E-116"
I20,E66,"2,03",0
E10,K90,"4,04",0
M34,M81,"3,73",0
M62,K29,"1,62","2,74E-256"
D33,H53,"6,35",0
I69,E86,"1,62",0
K73,M81,"3,1","6,336E-200"
C90,D63,"3,97",0
N19,N25,"23,41",0
K30,K76,"1,4","2,11E-32"
D75,A41,"1,43","6,529E-19"
E05,F05,"1,57","1,449E-22"
D45,J18,"1,14","5,924E-10"
I48,J91,"1,19","1,276E-27"
C85,D63,"2,92",3.393190e-310
L05,L98,"2,74","9,305E-170"
K44,K55,"1,66","5,249E-19"
I25,A46,"1,13","2,024E-48"
E11,H45,"4,68",0
E11,I97,"1,37","1,912E-29"
H28,H26,"8,5",0
M10,E87,"1,58","1,684E-62"
M51,E55,"1,74","1,232E-61"
F11,I46,"3,99","4,61E-53"
D37,K43,"1,82","3,44E-23"
I69,J69,"3,75",0
K35,K63,"1,36","1,515E-10"
K29,I69,"1,15","3,811E-27"
E05,H02,"1,52","6,987E-60"
C77,K10,"4,62",0
K21,F33,"1,5","3,462E-30"
J45,K57,"1,16","2,08E-23"
C83,B02,"11,12",0
N03,L98,"4,74","2,203E-271"
N19,K65,"11,28",0
C53,E83,"5,87",0
C92,A41,"8,78",0
I20,G90,"1,3","2,559E-18"
E11,K65,"1,33","2,514E-92"
N80,K62,"1,53","1,595E-37"
C15,K59,"1,15","1,579E-11"
I15,E86,"1,47","3,559E-59"
I82,D68,"13,47",0
I20,I13,"1,66","2,842E-63"
J18,A04,"1,36","3,996E-71"
F10,M84,"1,82","2,33E-140"
M35,J22,"1,81","5,548E-35"
C90,K05,"5,8",0
G56,M13,"1,49","4,714E-108"
I48,F32,"1,07","7,966E-23"
K51,K65,"3,26",0
Q05,K59,"5,72",0
F10,F31,"4,5",0
I70,I69,"1,53",0
H33,H44,"42,14",0
C81,J18,"2,79",0
C18,F41,"1,71","2,257E-82"
J18,A49,"1,28","5,171E-78"
E10,M65,"1,71",0
M62,I25,"1,55",0
Q25,H91,"1,84","3,313E-41"
C85,B02,"7,46",0
J36,J35,"5,37",0
E11,D68,"1,17","1,63E-17"
M54,F45,"2,2","1,335E-138"
D12,K43,"1,49","7,192E-89"
A46,K72,"2,3","6,798E-103"
L40,J22,"2,18","5,571E-31"
E03,J15,"1,22","5,619E-26"
C06,E86,"1,86","1,192E-78"
I10,E50,"1,3","2,392E-19"
M10,L89,"1,39","1,744E-13"
H36,G96,"1,48","8,527E-12"
K29,I95,"1,3","2,273E-16"
I73,N17,"1,48","4,209E-41"
N31,J69,"2,72","8,398E-24"
C85,J15,"1,42","3,236E-35"
N87,N93,"2,2","2,779E-186"
H53,I69,"2,54",0
E10,H54,"3,23",0
C32,K08,"6,58",0
K05,I31,"5,14","6,489E-66"
I35,E35,"16,57",0
D37,D63,"2,25","3,264E-50"
D41,D63,"2,18","2,86E-33"
E10,E64,"1,76","6,177E-115"
F10,K25,"2,61",0
I88,C82,"20,09",0
Q25,H52,"1,76","5,768E-15"
K22,K59,"1,16","3,769E-15"
Q90,J03,"3,12","6,556E-179"
K21,C16,"1,72","2,436E-40"
C06,C34,"1,32","1,156E-13"
C54,C77,"2,54","1,181E-187"
F10,C14,"1,66","5,014E-17"
C16,K59,"1,69","4,481E-169"
K86,K72,"3,96",0
Q17,L91,"5,53","7,823E-117"
J84,M81,"3,25",0
K44,F33,"1,49","7,265E-23"
C15,C79,"1,67","1,127E-88"
D47,A41,"2,55","2,472E-262"
J00,F79,"1,95","7,458E-31"
K29,N30,"1,23","4,508E-87"
C91,B37,"6,3",0
C56,K91,"3,11",0
E78,G96,"1,64","2,205E-91"
F10,M95,"1,61","7,043E-101"
N43,N49,7,0
E84,J96,"26,53",0
E01,E89,"21,77","3,213E-184"
F10,E83,"1,51","4,911E-69"
E14,N19,"3,05",0
I20,H82,"1,54","3,282E-19"
F10,C04,"2,13","1,559E-81"
D30,N35,"3,65",0
C06,K07,"18,91",0
I10,N08,"1,76","2,622E-87"
I99,J22,"3,76","4,707E-58"
E05,M80,"1,25","2,819E-34"
C25,F41,"2,81","2,039E-149"
N63,L59,"3,71","1,665E-40"
G45,I51,"1,38","2,311E-28"
K62,K91,"2,29","1,686E-161"
C91,A49,"3,83",0
M79,E55,"1,72","3,708E-58"
C20,J91,"1,3","5,147E-11"
Q89,H66,"1,56","5,896E-11"
E10,J69,"1,58","1,309E-55"
E10,E90,"16,66",0
K58,F33,"1,49","6,495E-15"
M89,M81,"2,07","5,65E-210"
I12,I46,"2,97","7,488E-72"
I50,E55,"1,39","2,437E-55"
K05,E87,"1,63","4,408E-22"
K26,K52,"1,34","1,288E-29"
K62,K72,"1,34","3,973E-13"
C09,C78,"2,26","3,877E-94"
D46,C92,"42,36",0
M06,I26,"1,23","3,675E-13"
J45,E11,"1,21","9,186E-117"
N03,M85,4,"2,957E-87"
D64,K72,"3,13",0
G45,I65,"15,28",0
I64,I95,"1,16","1,043E-14"
J38,E03,"1,44","3,047E-24"
K35,K66,"2,37","4,242E-37"
N96,E66,"1,53","5,146E-31"
H36,H26,"5,09",0
M51,G95,"1,43","3,246E-38"
Q90,A09,"2,13","1,874E-96"
M54,F43,"1,22","1,146E-16"
J20,F17,"1,72","1,447E-19"
N94,E66,"1,15","1,641E-18"
K92,J22,"1,78","4,837E-49"
D48,L90,"2,43","9,779E-50"
M62,F34,"1,54","0,000000001"
K86,I46,"1,49","7,085E-21"
G80,G47,"3,19","2,746E-155"
Q89,A09,"1,57","4,42E-12"
K50,M25,"1,87","3,721E-171"
M35,I21,"1,18","2,555E-24"
J45,I26,"1,54","2,797E-101"
C50,C41,"4,54",0
I10,N25,"1,43","1,433E-46"
M17,M00,"3,34",0
J45,I25,"1,06","2,72E-15"
K86,M81,"1,63","1,732E-115"
L05,L97,"4,78",0
G35,N21,"9,98",0
N31,F03,"1,51","3,275E-21"
J00,J15,"1,64","1,585E-31"
N83,C56,"3,09",0
L40,M80,"1,65","4,95E-39"
L40,K72,"2,44","1,022E-66"
K35,K57,"1,37","7,387E-23"
D38,C78,"3,07","7,703E-123"
Q62,B34,"1,73","6,322E-87"
C81,J96,"2,25","2,57E-113"
Q25,H50,"1,49","4,162E-11"
C32,D63,"1,51","1,946E-28"
H36,A49,"1,85","2,323E-53"
C32,C14,"40,63",0
I20,G25,"1,17","0,000000001"
Q90,J12,"4,32","5,808E-165"
K25,K43,"1,48","6,569E-65"
D37,K59,"1,64","7,435E-43"
I63,E64,"1,45","3,388E-26"
B18,K72,"17,13",0
K04,J90,"2,05","4,104E-28"
M80,L89,"1,61","6,143E-51"
I21,I49,"1,66",0
I83,L89,"1,72","4,586E-112"
H36,D50,"1,5","2,537E-30"
K04,J18,"1,3","1,593E-42"
I49,D68,"1,72","3,322E-45"
K80,I10,"1,09","2,325E-65"
L03,M79,"1,14","3,355E-14"
C91,L98,"3,32",0
N40,N32,"4,07",0
K25,A04,"1,43","4,781E-18"
M05,A46,"1,63","1,059E-94"
E84,B44,"106,23",0
M47,I10,"1,1","1,739E-27"
K26,N18,"1,15","7,333E-12"
M05,B37,"1,6","8,945E-41"
C77,K59,"1,21","1,027E-33"
J45,G43,"1,14","5,789E-13"
K25,E55,"1,42","6,718E-13"
K52,F17,"1,32","9,416E-14"
H36,D62,"1,56","1,816E-20"
B23,B24,"108,94",0
M48,N31,"2,26","1,323E-156"
Q25,J06,"2,06","1,929E-26"
J98,M85,"1,7","7,292E-24"
M13,L98,"1,81","7,137E-74"
J84,M85,"4,42",0
K29,E66,"1,21","5,021E-35"
C83,D63,"2,29","2,833E-275"
N30,L98,"1,21","3,145E-35"
G35,A49,"1,91","3,196E-77"
M81,E64,"1,88","2,266E-92"
C67,N17,"1,32","5,013E-26"
N03,M81,"2,45","2,251E-121"
K50,L90,"2,05","7,072E-122"
G40,A46,"1,13","2,238E-13"
D86,A41,"1,26","1,715E-10"
N03,A09,"4,92",0
C32,K22,"4,22",0
M23,M67,"3,45",0
C06,C79,"1,44","9,032E-15"
C53,E87,"1,96","1,045E-127"
D12,K65,"1,32","3,509E-19"
K80,K83,"10,78",0
C67,N30,"1,76",0
H28,E86,"1,55","3,789E-11"
C43,G95,"2,7","3,093E-124"
G40,A49,"1,44","6,204E-71"
C02,K10,"22,01",0
E10,A63,"2,1","3,676E-286"
L68,E11,"2,29","8,124E-97"
H36,F01,"1,67","1,52E-15"
H36,I95,"1,92","4,153E-50"
M54,M96,"7,23",0
G56,G96,"1,26","8,383E-12"
C18,G95,"2,01","7,611E-132"
G56,E66,"1,18","6,186E-58"
I25,N28,"1,35","1,087E-77"
G82,N39,"5,26",0
N03,J18,"2,27",0
M05,M20,"4,81",0
E11,F33,"1,37","3,675E-106"
C92,B25,"39,45",0
C91,B00,"16,2",0
M07,M81,"2,02","9,818E-119"
C81,K02,"6,48",0
G99,I69,"2,94","6,547E-77"
F33,I46,"1,51","1,768E-10"
I11,I46,"1,81","1,348E-31"
F03,J69,"2,13","1,351E-81"
I48,I27,"2,13",0
K04,I31,"4,32","8,458E-57"
C09,K02,"17,83",0
J44,F33,"1,41","6,364E-177"
N87,N94,"1,36","4,368E-49"
J20,J46,"4,32",0
K59,J22,"1,31","5,439E-17"
K86,N39,"1,24","4,39E-23"
A46,L97,"5,98",0
I10,I31,"1,16","1,024E-11"
C04,K10,"34,36",0
F32,J22,"2,44","9,114E-129"
G12,J18,"2,01",0
I21,I22,"7,37",0
N03,I46,"2,83","7,545E-51"
C67,G95,"1,97","7,149E-107"
C53,C55,"31,89",0
L97,J15,"1,31","6,214E-38"
K30,K81,"1,51","1,456E-35"
J44,J42,"5,29",0
N31,L98,"1,7","4,237E-28"
M54,M13,"1,19","1,126E-27"
F10,J94,"1,26","4,826E-14"
I48,E25,"1,37","1,233E-20"
L02,E68,"1,61","1,241E-10"
I47,F41,"1,43","9,118E-32"
G80,M89,"5,27",0
Q05,G82,"17,53",0
J44,A46,"1,49",0
C62,D64,"1,45","7,156E-20"
M47,F33,"1,37","2,322E-13"
K05,C80,"4,02","9,801E-76"
J18,D83,"3,27","6,216E-144"
J44,F32,"1,42",0
E10,J90,"1,26","5,327E-33"
B34,J03,"1,51","9,5E-127"
N18,B25,"10,6",0
E78,F01,"1,55","8,683E-55"
C91,B25,"33,54",0
F99,J96,"1,67","1,472E-13"
K70,I61,"2,51","4,445E-231"
N20,C65,"1,94","5,719E-30"
F10,F06,"3,59",0
N03,K05,"8,26",0
I35,K55,"1,76","3,28E-57"
G91,E86,"1,57","6,085E-46"
M62,E56,"1,99","5,247E-11"
L04,C85,"11,38","9,927E-266"
J44,B96,"2,3","6,201E-274"
G62,D64,"1,24","1,761E-24"
L03,B18,"2,32","2,014E-88"
E10,N25,"5,21",0
E16,L89,"2,85","2,482E-169"
H71,H95,"98,69",0
K30,K80,"2,18",0
L40,I50,"1,14","2,015E-13"
I12,K05,"5,58","8,687E-188"
K70,K65,"8,06",0
Q37,H65,"3,5",6.084237e-314
F10,F00,"1,41","1,612E-14"
K26,E64,"1,64","2,904E-19"
K27,K59,"1,4",7E-40
K02,E64,"4,05","4,604E-67"
M05,A08,"1,6","2,257E-28"
G62,L89,"2,21","8,756E-61"
M45,J96,"1,49","5,019E-15"
I21,I42,"1,59","8,313E-189"
K05,D63,"1,49","5,62E-12"
K74,E86,"2,18","2,145E-231"
J18,J69,"2,78",0
M35,F33,"1,28","1,625E-10"
E13,G96,"4,91","3,816E-62"
H36,J81,"2,25","1,032E-76"
I25,E14,"1,6",0
I64,F33,"1,49","2,078E-83"
G45,G41,"1,67","3,741E-15"
M32,N18,"8,84",0
D30,N13,"3,33",0
C20,C18,"8,25",0
C20,N48,"2,67","6,132E-149"
C54,N13,"3,65",0
C09,C34,"1,62","1,322E-31"
C53,K91,"3,92","6,958E-287"
M81,F04,"1,82","5,843E-13"
J21,H65,"1,35","3,043E-15"
Q05,N31,"100,36",0
G82,L98,"4,35",0
I85,A41,"2,58",0
K59,J15,"1,19","2,881E-42"
J45,F44,"1,66","1,582E-24"
I48,D69,"1,19","2,356E-30"
D48,F43,"2,07","1,452E-18"
Q90,Q24,"9,16",0
E66,L98,"1,51","9,769E-127"
C77,I97,"3,09","6,032E-90"
N40,N10,"1,82","1,416E-212"
I64,N31,"1,4","7,838E-40"
Q61,J18,"1,59","1,98E-113"
L03,L89,"2,01","6,877E-46"
M48,F33,"1,45","1,181E-31"
C85,B37,"3,56","2,131E-218"
C16,F41,"2,93","5,52E-129"
K51,E64,"1,92","1,971E-38"
K05,D64,"1,42","1,184E-28"
I25,K05,"1,18","1,082E-28"
I21,N17,"1,49","2,18E-103"
M35,I35,"1,39","3,967E-60"
F10,L02,"1,2","2,32E-90"
J37,J44,"1,52","3,77E-69"
C20,K46,"3,58","6,688E-112"
K02,J15,"1,6","3,296E-27"
I20,F43,"1,15","1,407E-10"
I34,N18,"1,92","2,815E-252"
M62,M75,"1,8",0
C09,E64,"12,96",0
I20,E10,"1,35",0
A46,J22,"1,34","1,076E-09"
C83,D70,"11,21",0
I48,E14,"1,07","6,809E-17"
L60,E66,"1,5","1,597E-36"
K44,K52,"1,48","7,538E-57"
H36,M14,"13,57",0
G43,I69,"2,05","5,99E-130"
C83,B00,"15,83",0
C82,J15,"1,65","3,703E-44"
C61,N35,"1,72","5,684E-190"
K80,E65,"1,39","6,263E-24"
C91,B59,"45,86",0
C32,E64,"5,72","1,349E-225"
M02,M08,"14,66",0
N31,K59,"2,61",0
K86,A49,"2,38","1,398E-145"
B34,F79,"1,36","4,207E-10"
I11,A41,"1,36","3,966E-34"
J44,F17,"2,15",0
K20,E87,"1,46","4,714E-30"
C09,E86,"2,35","2,744E-103"
H36,I44,"1,72","3,711E-51"
E11,I15,"2,51",0
M10,N19,"3,4",0
N20,N99,"1,89","5,161E-94"
C16,K56,"2,52","4,369E-263"
C13,C78,"2,04","2,086E-55"
E05,H50,"3,65",0
C54,C55,"38,85",0
M95,J22,"4,01","8,239E-49"
E11,E15,"5,59",0
B18,C22,"28,94",0
N48,H36,"2,29","1,335E-87"
N03,I70,"2,81","4,681E-256"
G56,M47,"1,63","1,139E-237"
I65,I51,"1,65","3,461E-19"
D39,C78,"2,05","2,895E-37"
I20,I25,"4,33",0
Q90,H52,"11,62",0
M17,L08,"1,18","2,461E-18"
M79,I73,"1,23","3,214E-34"
C15,F41,"2,66","2,013E-95"
M15,K59,"1,19","5,579E-10"
K44,D64,"1,62","1,794E-263"
E11,I24,"1,73","5,67E-243"
N03,K04,"6,15","5,665E-291"
C50,K10,"1,29","4,989E-18"
E10,K92,"1,47",0
G64,J96,"1,63","1,155E-11"
J20,D83,"1,67","1,893E-12"
A46,N18,"1,29","2,297E-38"
K61,F17,"3,32",0
C84,A41,"6,01",0
E03,L89,"1,3","4,208E-15"
C81,E03,"2,31","2,147E-58"
H81,E55,"2,09","2,192E-40"
J42,N30,"1,23","4,359E-71"
G35,D35,"3,89","1,409E-203"
E10,F17,"1,13","3,691E-13"
G40,E64,"1,93","4,25E-97"
Q25,K02,"2,6","2,571E-39"
I35,J94,"1,91","2,491E-80"
K29,F41,"1,66","2,308E-55"
N63,D71,"2,41","1,027E-13"
G40,F03,"3,05",0
E10,F32,"1,58",0
E14,F03,"1,41","4,351E-56"
C06,E64,"9,62","2,53E-282"
G62,K72,"3,64","3,413E-135"
I34,K10,"4,23","4,714E-187"
D30,I71,"1,12","8,536E-10"
N10,N11,"28,52",0
A15,E86,"1,6","5,445E-16"
C20,N82,"11,24",0
E11,L30,"1,38","5,441E-110"
I35,J22,"1,41","1,698E-26"
M35,A04,"1,77","5,848E-38"
L04,C83,"8,76","8,092E-142"
M13,M81,"1,54","5,291E-127"
C25,C26,"39,7",0
C09,J18,"1,26","5,184E-18"
K51,M13,"1,63","8,644E-81"
Q25,H90,"2,13","1,452E-34"
K30,F34,"1,78","1,409E-20"
K58,K56,"1,42","1,545E-24"
K21,K55,"1,45","4,806E-12"
Q37,H72,"3,39","6,111E-51"
Q90,H91,"5,73",0
K25,K52,"1,5","2,986E-85"
K70,N39,"1,5","3,461E-135"
K61,E66,"1,18","1,026E-12"
D05,L90,"2,66","3,178E-31"
M54,K25,"1,1","1,581E-13"
H36,N25,"4,07","1,169E-79"
I48,E50,"2,01","2,522E-150"
I20,I15,"1,42","1,816E-149"
K25,F17,"2,37","6,813E-193"
K29,K81,"2,06","2,748E-121"
I65,K55,"2,14","7,01E-20"
G82,J15,"3,64",0
I25,E70,"2,33","1,011E-131"
G40,D50,"1,15","9,658E-12"
G40,F79,"12,2",0
M51,G55,"4,48",0
I73,K55,"3,14","1,04E-219"
N92,E68,"1,31","2,534E-11"
I64,F32,"1,85",0
G35,J22,"2,51","2,774E-69"
C53,N32,"3,72","5,625E-129"
G40,L30,"1,42","1,345E-57"
I50,K52,"1,1","1,842E-20"
N61,F17,"1,53","1,189E-09"
F11,B18,"33,07",0
N04,A41,"2,65","2,459E-103"
F32,J81,"1,26","1,147E-11"
K70,C22,"11,22",0
I85,I98,"86,93",0
F10,A40,2,"9,858E-136"
F10,F20,"2,88",0
I12,J15,"1,52","3,289E-22"
A39,H91,"2,82","7,782E-40"
C61,G83,"4,5",0
M81,F01,"1,4","3,099E-28"
I21,I97,"1,62","5,831E-29"
K51,I26,"1,48","5,639E-39"
E11,E83,"1,36","5,204E-67"
L20,M85,"2,06","5,783E-18"
G40,L08,"1,37","8,368E-68"
J15,I46,"1,61","1,542E-53"
A46,N17,"1,7","4,706E-52"
G80,J96,"5,62",0
F10,E41,"3,71","1,616E-147"
J41,M85,"1,8","2,078E-11"
M34,J18,"2,24","2,825E-260"
C20,K63,"4,36",0
E10,N10,"2,29",0
D51,N18,"1,41","3,53E-18"
J44,M82,"2,48","2,309E-177"
M06,M82,"7,37","6,801E-253"
C77,K02,"4,17",0
M89,M80,"1,83","4,973E-39"
K25,K55,"2,62","1,615E-147"
C81,B37,"7,96",0
K29,K63,"1,51","2,229E-36"
J18,D84,"3,59","1,362E-281"
N03,E21,"18,56",0
E11,G62,"1,23","1,362E-64"
K86,E87,"2,45","1,405E-297"
D25,K66,"1,59","4,439E-26"
E11,N25,"1,99","1,662E-132"
G35,J20,"2,2","2,618E-104"
L28,E86,"1,43","8,742E-11"
G80,H52,"7,12",0
L02,L89,"3,28",0
I63,G40,"3,28",0
F10,F23,"4,89",0
K21,K62,"1,26","4,607E-44"
J98,I46,"1,88","1,357E-36"
K50,E87,"1,83","1,516E-109"
F10,I62,"4,04",0
Q90,E86,"3,2","3,535E-133"
K20,M81,"1,19","7,254E-13"
K50,K65,"6,63",0
C09,K12,"20,39",0
C61,D07,"7,04",0
E11,B37,"1,1","1,25E-10"
L03,L97,"3,19",0
D86,H25,"1,46","7,054E-37"
M34,M85,"3,96","4,282E-140"
E05,H53,"1,88","1,581E-104"
I12,A49,"4,45","1,521E-167"
E05,H57,"1,76","2,051E-33"
C20,K83,"1,5","1,19E-34"
K05,J95,"5,13","3,396E-54"
C69,C78,"4,83","2,077E-229"
H25,H27,"4,71",0
I10,N28,"1,37","3,611E-107"
Q25,A08,"1,64","2,012E-20"
C91,D80,"11,41",0
C54,C49,"7,53","1,882E-289"
C79,D63,"5,53",0
E11,H54,"1,65","1,041E-145"
I51,I46,"2,5","4,571E-71"
C56,D70,"3,31","4,217E-122"
L02,E66,"1,39","2,836E-145"
D86,J15,"2,94","4,232E-249"
H36,N08,"14,49",0
K51,I80,"1,23","1,084E-21"
M41,E86,"1,35","2,489E-14"
M21,L97,"1,39","7,905E-12"
M06,A04,"1,86","9,733E-49"
G40,K02,"2,43",0
D46,A41,"4,13",0
K86,D64,"1,84","3,035E-272"
G95,L89,"5,98","1,196E-292"
K30,C15,"2,01","2,078E-85"
D45,D64,"1,29","1,284E-15"
I20,J20,"1,3","1,382E-94"
J00,H65,"1,95",0
K62,F17,"1,77","3,222E-122"
E11,A08,"1,56","1,009E-164"
L30,F03,"1,31","3,21E-13"
I10,E16,"1,48",0
E10,N28,"2,1","8,144E-272"
C91,A04,"4,79",0
K51,K72,"1,35","3,485E-10"
I70,J44,"1,17","4,65E-203"
K04,J95,"4,04","3,041E-41"
K70,C13,"1,95","4,837E-32"
C56,N82,"4,55",0
C91,L57,"5,94",0
N31,L89,"8,57",0
N87,C53,"5,23",0
H81,F41,"1,78","2,242E-39"
J20,J05,"1,4","1,234E-115"
K26,K55,"1,96","1,687E-41"
M62,F43,"1,3","8,08E-14"
I80,D69,"1,64","3,437E-46"
J44,E25,"1,68","1,192E-55"
I34,K92,"1,35","2,576E-38"
M06,B37,"1,66","1,332E-51"
J00,L50,"1,44","9,85E-14"
M06,A46,"1,79","1,835E-152"
K04,E64,"2,79","1,703E-36"
J43,M80,"2,86","4,588E-270"
I25,L08,"1,13","1,726E-18"
I34,E87,"1,32","3,266E-26"
Q21,E34,"1,59","1,652E-13"
C90,B37,"3,64",0
E11,E70,"3,32","2,949E-265"
Q39,J18,"6,63",0
L02,H36,"2,11","2,22E-256"
M13,J22,"1,51","5,637E-10"
J41,J22,"3,29","1,837E-35"
L30,J22,"1,68","7,578E-10"
K92,I98,"19,82",0
K50,F17,"2,04","2,985E-159"
C54,I80,"1,57","1,183E-54"
K04,I08,9,"1,076E-92"
K29,K62,"1,5","8,252E-160"
I25,F17,"1,56","5,598E-293"
M32,E86,"1,84","1,451E-39"
E11,A46,"2,01",0
D48,I89,"2,57","1,787E-26"
C91,E23,"3,49","2,757E-158"
C88,E86,"1,37","6,006E-19"
C34,D69,"1,44","8,482E-61"
K50,E64,"4,61","6,526E-282"
D12,F17,"1,95","3,634E-141"
M06,N06,"15,03",0
I88,C85,"15,52",0
K76,M81,"1,19","1,747E-10"
F10,K44,"1,48","2,167E-231"
I35,K03,9,0
B34,M35,"1,4","1,549E-13"
K25,K83,"1,39","1,449E-21"
C16,K91,"3,16","2,266E-123"
K70,C10,"1,82","2,257E-24"
G62,N39,"1,43","1,205E-57"
J44,A08,"1,48","3,724E-179"
C44,C80,"1,68","1,748E-31"
C67,D67,"21,9",0
G56,G98,"4,92",0
N03,E87,"4,02","1,455E-230"
K73,M85,"3,84","2,727E-68"
C18,E34,"2,71","7,527E-126"
C77,D70,"7,53",0
F10,K30,"1,17","1,398E-69"
D30,N10,"1,73","8,685E-83"
J44,F44,"3,5","3,134E-255"
Q89,M89,"4,6","3,616E-35"
G40,H54,"4,79",0
C62,E87,"2,02","3,102E-40"
I21,E50,"1,65","2,11E-25"
K59,L89,"1,62","2,087E-98"
E11,A40,"1,51","5,418E-76"
I70,E25,"2,27","1,61E-54"
F10,J93,"1,28","5,229E-33"
K10,J96,"1,39","1,21E-10"
K10,E86,"1,53","3,091E-19"
C64,N18,"1,66","3,574E-89"
L23,F17,"1,82","8,456E-16"
K26,C17,"3,67","3,827E-55"
C90,K10,"8,87",0
N18,A49,"4,2",0
E66,I66,"10,1",0
A46,F03,"1,19","6,017E-19"
I27,I46,"2,55","1,564E-72"
J94,C45,"28,37",0
I35,J91,"1,73","1,027E-67"
I47,E03,"1,88","2,099E-286"
G43,E78,"1,41","4,84E-42"
F10,E16,"1,81",0
K70,M81,"1,22","9,17E-27"
Q75,H91,"2,31","6,52E-43"
J45,J47,"6,91",0
K60,F17,"2,25","1,589E-162"
I12,L98,"3,01","5,065E-99"
N48,E14,"1,97","5,608E-67"
C67,K43,"1,33","2,178E-42"
B23,B22,"112,53",0
G25,E86,"1,34","5,639E-11"
G62,L97,"1,75","5,814E-58"
Q61,N19,"18,87",0
Q25,J12,"2,84","4,057E-96"
M54,E53,"1,75","9,231E-33"
J99,J15,"2,73","7,091E-46"
I80,M66,"4,5","6,691E-190"
J45,F33,"1,58","1,553E-78"
Q20,H65,"2,68","1,108E-154"
L73,E66,"1,76","1,713E-87"
L98,J96,"1,4","1,22E-37"
N92,K66,"1,48","8,107E-31"
C32,K12,"8,58","1,184E-280"
K51,N82,"7,9",0
I48,I08,"2,2","3,9E-160"
D50,E86,"1,19","6,539E-34"
N80,K59,"1,25","8,306E-19"
G40,H53,"3,22",0
E11,G93,"1,21","1,981E-14"
L97,E86,"1,39","8,004E-116"
D27,N99,"3,79","6,264E-218"
H81,E78,"1,18","6,504E-25"
K05,J90,"2,13","1,423E-26"
D48,N63,"2,44","6,197E-151"
K25,N19,"1,15","8,235E-12"
G40,F41,"1,73","1,371E-137"
L08,A41,"1,52","8,041E-55"
N92,D68,"1,28","1,383E-21"
K21,K43,"1,4","4,343E-51"
C54,K91,"1,7","2,128E-21"
G40,M21,"1,35","3,774E-40"
L02,L73,"18,17",0
D35,M81,"2,39","9,407E-166"
Q21,J15,"2,1","6,337E-76"
M31,A09,"2,1","1,07E-134"
E10,J94,"1,24","8,45E-15"
M35,I95,"1,32","2,24E-13"
E11,E68,"3,1","1,231E-130"
C67,K63,"1,43","6,344E-32"
N20,D35,"1,65","1,187E-28"
K74,M81,"1,58","7,675E-72"
C53,K63,"3,55","9,133E-254"
G40,E55,"1,67","1,658E-47"
M35,A46,"1,55","3,724E-71"
I42,D64,"1,21","9,612E-27"
L02,N17,"1,35","1,759E-16"
C92,B37,"12,02",0
I63,E72,"5,37","2,832E-88"
J44,D50,"1,17","3,256E-80"
I10,I74,"1,17","2,232E-29"
J45,M10,"1,38","8,335E-42"
D37,K56,"2,54","8,938E-83"
C81,K05,"5,62","3,119E-267"
N03,K02,"4,47","6,99E-134"
I80,E72,"7,32","3,717E-144"
C21,D63,"3,94","1,578E-198"
M02,M80,"1,58","3,258E-11"
I20,I52,"3,57","1,453E-79"
Q31,J35,"1,93","2,925E-17"
C92,A04,"7,26",0
I12,K04,"4,31","9,797E-124"
C56,C77,"2,76",0
I34,D62,"1,92","3,18E-72"
Q61,L98,"3,29","1,685E-137"
G35,J81,"1,45","7,543E-12"
I74,D68,"6,78","4,623E-260"
Q90,H50,"5,53",0
K42,K72,"2,59","2,253E-88"
M07,M85,"1,81","1,388E-21"
J00,B01,"1,6","9,597E-20"
J44,I51,"1,33","9,427E-133"
N31,A49,"1,78","1,814E-22"
G37,N31,"11,24","3,686E-234"
J44,A09,"1,29","1,582E-241"
L30,M81,"1,37","1,49E-38"
C02,C79,"1,64","4,753E-16"
C06,I89,"9,32","1,36E-232"
J42,N17,"1,5","1,003E-25"
D50,N18,"1,69","1,226E-158"
C67,I89,"3,66","4,721E-275"
N18,A41,"4,47",0
C19,K43,"2,8","2,431E-46"
G35,B37,"1,64","1,939E-34"
M08,M81,"9,97",0
N19,I46,3,0
C51,C77,"7,71",0
K29,K76,"2,73",0
E11,F06,"1,24","3,199E-14"
C20,I82,"1,81","5,109E-42"
I83,I97,"1,46","2,623E-18"
L40,F17,"1,57","1,427E-29"
C21,E86,"1,4","9,508E-17"
B18,J96,"1,6","1,377E-38"
E10,K02,"1,89","2,644E-259"
B18,F17,"1,99","5,241E-71"
K65,L90,"2,5","3,402E-40"
Q21,J06,"2,87","2,67E-139"
H36,H33,"9,89",0
J44,J69,"1,17","6,684E-15"
E10,D62,"1,52","1,138E-125"
C61,D61,"1,46","2,503E-22"
A63,C21,"17,13","2,253E-214"
F10,I60,"1,75","6,608E-127"
C13,J96,"1,73","2,899E-31"
N70,M62,"1,83","1,049E-113"
C77,G47,"1,45","1,406E-41"
I42,I46,"4,29",0
N03,A49,"4,24","8,784E-146"
H06,M81,"1,84","3,483E-34"
N87,N95,"1,33","5,726E-17"
I34,K02,"3,74","1,264E-186"
K90,M85,"2,26","6,602E-28"
L40,L89,"1,68","3,024E-23"
N19,B25,"10,28","1,611E-271"
G40,H52,"2,51",0
Q18,C77,"5,1","1,717E-166"
K80,K57,"1,29","1,943E-109"
L73,F17,"3,62","3,956E-126"
Q21,E64,"2,84","5,678E-33"
J21,J45,"2,59",0
Q90,A08,"3,23","4,535E-120"
I35,I95,"1,52","1,443E-72"
K57,C17,"1,65","4,03E-10"
K44,E66,"1,42","8,074E-90"
G82,L97,"4,14",0
G12,G82,"37,61",0
F11,A41,"5,46",0
Q53,E30,"1,79","7,035E-12"
I80,M71,"4,19",0
N04,K65,"9,26","2,492E-267"
I34,D59,"6,32","8,508E-228"
D23,C49,"3,52","4,859E-83"
J99,J96,"4,28","3,104E-156"
K50,N18,"1,26","1,017E-19"
D35,H53,"24,88",0
K86,F17,"4,46",0
N13,C79,"2,58",0
D33,N31,"3,76","1,655E-139"
K26,C25,"1,71","2,447E-42"
M62,A08,"1,31","2,652E-14"
K30,F41,"1,54","8,506E-44"
H40,E16,"1,54","3,445E-37"
C43,C71,"3,38","2,617E-197"
L04,C82,"14,43","7,385E-144"
E11,N11,"2,05","5,896E-132"
I63,J69,"2,27","1,82E-128"
L03,M13,"1,69","3,46E-43"
D11,C85,"2,53","5,475E-42"
E10,G62,"1,7","9,384E-293"
K26,E55,"1,55","2,859E-13"
C81,K01,"8,19",0
I85,E86,"2,04","4,911E-137"
C24,D63,"3,49","9,251E-165"
F10,F13,"8,03",0
Q05,N10,"10,34",0
E11,I65,"1,16","1,605E-21"
K26,C22,"1,61","1,454E-14"
H34,I64,"1,46","2,011E-44"
I85,K72,"32,22",0
E10,I15,"4,77",0
K02,A41,"1,76","2,059E-56"
M62,L29,"1,48","3,566E-10"
M41,J22,"3,23","6,467E-31"
G62,J22,"1,62","1,726E-11"
I60,G40,"3,34",0
I85,I46,"1,66","4,334E-19"
Q03,H50,"6,05","6,272E-180"
F20,I46,"2,91","2,559E-75"
M35,A49,"1,42","1,298E-21"
M10,L98,"2,31","1,48E-167"
G62,E87,"1,77","1,458E-69"
C16,C78,"5,02",0
K10,L98,"1,93","9,176E-25"
M31,L97,"1,48","5,863E-27"
M62,H81,"1,65","3,709E-110"
I34,K08,"3,9","1,798E-239"
M54,G64,"1,59","8,449E-32"
J45,I11,"1,72","1,809E-90"
E16,E86,"1,63","1,639E-169"
N70,K57,"2,49","2,051E-57"
I84,C21,"3,59","3,08E-117"
J00,L20,"1,31","3,883E-13"
I11,N18,"2,22","1,062E-231"
B34,I46,"1,74","2,891E-13"
K35,K56,"1,94","3,967E-143"
B34,H60,"1,45","9,037E-11"
G35,G82,"8,72",0
K51,M80,"1,2","6,598E-10"
K86,E64,"7,03",0
G80,J15,"5,87",0
C67,C23,"12,37",0
E13,M85,"2,32","5,251E-21"
F79,A41,"2,05","6,026E-33"
E16,N17,"2,26","5,49E-82"
J44,B02,"1,73","1,185E-270"
J00,H60,"1,77","7,864E-14"
K20,K55,"1,82","5,488E-16"
F11,F17,5,"3,318E-221"
M32,N39,"2,06","5,721E-115"
I34,N17,"2,76","2,504E-193"
H40,H26,"3,86",0
C50,J70,"2,81","1,685E-73"
F10,H54,"1,67","6,06E-72"
M34,J96,"2,8","1,114E-157"
M62,Q40,"1,91","9,711E-20"
M50,J38,"1,66","3,309E-38"
I80,D75,"3,31","1,073E-219"
H28,A41,"1,88","6,676E-19"
Q90,J15,"5,38","5,634E-262"
M05,M43,"4,31",0
K10,E64,"6,69","6,531E-110"
G91,H50,"5,49","1,428E-293"
N04,N18,"17,02",0
J41,K59,"1,29","4,39E-15"
M89,A49,"2,37","5,689E-49"
I20,E35,"1,86","2,269E-25"
M35,Q80,"20,89","1,944E-272"
G71,J95,"47,7",0
F10,F34,"4,87",0
I97,C78,"1,9","7,304E-20"
L98,A41,"2,1","7,901E-267"
F32,L89,"1,54","5,073E-41"
I26,I27,"9,07",0
H34,I63,"1,73","3,819E-70"
M16,M96,"2,14","7,009E-108"
C49,J96,"1,31","2,525E-10"
K80,K74,"1,38","1,564E-39"
K85,F17,"3,76",0
G62,J18,"1,29","2,578E-69"
I20,K44,"1,34","1,584E-252"
K26,A04,"1,58","4,39E-21"
C67,I80,"1,34","2,423E-67"
J45,E68,"1,88","3,528E-35"
I20,I28,"2,41","8,005E-57"
I25,I69,"1,36",0
K02,D63,"1,47","1,093E-09"
J45,D83,"2,82","4,07E-158"
E66,E14,"3,73",0
G43,F32,"2,26","7,85E-150"
G63,E86,"1,69","1,559E-16"
C56,E61,"9,39",0
I15,L98,"2,37","1,066E-111"
H40,H54,"7,57",0
C88,A41,"3,67",0
J42,A46,"1,5","1,009E-60"
K51,D64,"1,12","3,029E-12"
G12,J15,"2,19","2,564E-108"
L95,J96,"1,96","2,421E-24"
C77,K05,"4,43",0
Q21,L08,"1,69","2,008E-19"
M10,J22,"1,45","3,048E-10"
K76,C22,"10,26",0
E10,C22,"1,49","1,315E-41"
C21,C78,"3,75",0
J42,B37,"2,07","3,093E-99"
C82,B02,"12,5",0
Q05,M89,"12,19",0
Q42,B34,"1,95","1,925E-45"
K70,F03,"2,5","6,781E-265"
Q87,K07,"8,09",0
J18,J96,"3,08",0
J92,J96,"2,74","3,533E-80"
I71,N19,"1,56","4,929E-101"
K29,C16,"1,43","1,988E-19"
C18,K83,"1,45","6,077E-44"
C92,B44,"44,15",0
C21,K56,"4,08","3,911E-264"
F10,M86,"1,55","7,691E-71"
C81,B02,"19,26",0
F10,J85,"2,16","1,309E-110"
N03,I51,"4,16","5,449E-136"
C09,D63,"2,21","4,241E-44"
M31,J81,"1,4","4,897E-11"
G95,K59,"2,4","9,582E-236"
N21,A41,"1,5","6,48E-32"
Q90,J06,"5,68","6,229E-194"
B18,E86,"2,19","6,837E-109"
M06,M48,"1,13","5,168E-10"
N03,I73,"2,03","3,028E-45"
K22,E87,"1,22","3,981E-12"
M31,A49,"2,74","5,802E-125"
M45,J18,"1,29","9,805E-19"
G71,J18,"5,32",0
I70,K43,"1,27","1,11E-59"
C20,K52,"1,9","2,158E-230"
K62,K65,"1,55","6,452E-55"
Q61,N39,"2,91",0
E10,K55,"1,57","1,067E-61"
I34,I95,"1,86","6,323E-62"
I70,D47,"1,2","2,705E-10"
K21,C15,"2,49","1,42E-140"
F10,F07,"2,19","3,285E-100"
C25,E86,"1,3","3,186E-46"
N94,N39,"1,21","1,146E-16"
E66,J81,"1,43","5,128E-26"
K05,A49,"2,26","1,076E-40"
D64,C92,"4,55",0
M89,J81,"1,76","7,316E-11"
I69,A04,"1,41","2,741E-41"
G82,K59,"3,92",0
K86,I69,"1,16","3,214E-12"
J44,J81,"1,67",0
K70,A04,"3,56","2,17E-280"
I35,I06,"19,64",0
N97,N84,"2,66",0
D39,K56,"1,79","4,712E-16"
K02,C80,"3,77","5,917E-55"
G62,L98,"1,85","7,369E-61"
C40,A41,"10,24",0
D75,J96,"2,49","1,842E-146"
M85,J22,"2,53","4,053E-43"
K50,N19,"1,47","3,159E-39"
Q61,E86,"1,94","5,747E-83"
N03,L97,"3,01","4,52E-99"
E78,D68,"1,64","5,073E-100"
Q18,C80,"4,8","9,981E-44"
E10,I51,"1,64","4,908E-207"
K29,K57,"1,87",0
D50,N19,"1,52","3,523E-60"
D33,G51,"10,59",0
G56,M53,"1,15","3,864E-15"
K21,J69,"1,55","1,191E-13"
C62,E83,"4,96","4,129E-126"
G43,G47,"1,38","9,332E-14"
N30,A49,"1,3","2,863E-48"
I64,G81,"6,79",0
C13,C14,"89,4",0
N03,K59,"1,67","1,273E-47"
Q87,M89,"5,76","1,467E-188"
H35,E16,"1,42","7,174E-44"
K80,K46,"1,51","2,962E-20"
N20,E83,"1,38","5,541E-17"
C62,K43,"1,47","5,285E-14"
K74,K72,"39,02",0
I42,N19,"1,75","4,389E-109"
C06,K08,"19,24",0
Q21,F50,"4,45","1,695E-115"
G43,F33,"2,21","4,024E-59"
B18,I46,"1,68","2,025E-13"
D34,E03,"2,4","1,794E-26"
L03,L98,"2,8","7,097E-252"
M05,I26,"1,26","7,698E-16"
Q21,J98,"3,37","1,14E-181"
K25,M81,"1,12","1,743E-17"
I80,I27,"1,3","7,417E-13"
K70,L97,"1,57","7,464E-70"
E03,J22,"1,94","1,197E-60"
F10,K86,"3,78",0
K50,N97,"1,19","1,779E-12"
I25,J18,"1,14",0
I42,D68,"2,24","3,783E-65"
C41,D63,"8,45",0
C91,L30,"3,4",6.572704e-319
I85,J96,"1,41","6,169E-28"
M32,N32,"22,4",0
H25,H54,"1,68","2,03E-180"
K27,E86,"1,18","7,356E-11"
I10,N15,"1,4","8,506E-43"
I50,J15,"1,41",0
K74,M85,"1,97","3,986E-36"
N03,K52,"2,86","5,058E-108"
K86,L97,"1,58","4,075E-47"
M32,J96,"2,32","2,786E-89"
E84,K59,"5,22",0
K51,K61,"4,41",0
M34,M80,"2,8","4,979E-84"
I50,D62,"1,3","4,461E-93"
E11,I49,"1,16","3,286E-85"
I34,N19,"1,85","5,212E-142"
E16,J15,"1,21","2,006E-13"
E84,J33,"38,36",0
Q05,H50,"4,64","2,354E-209"
C18,E83,"1,26","3,666E-11"
Q39,J20,"2,9","3,28E-115"
D86,I27,"12,59",0
G91,A41,"1,3","5,131E-13"
D48,D05,"6,73","4,212E-135"
N93,C54,"6,34","3,401E-230"
C85,D61,"11,97",0
C85,K05,"4,34","3,257E-280"
K50,L02,"2,14",0
K27,J96,"1,58","6,608E-52"
E10,K65,"2,66",0
H90,F84,"3,03","7,759E-39"
I48,J90,"1,43","1,15E-220"
D50,D46,"2,69","4,347E-107"
F10,D69,"1,77","7,304E-205"
K20,C16,"2,2","1,023E-46"
G80,H47,"15,25",0
F11,J96,"3,33","2,794E-141"
M51,E53,"1,43","9,481E-10"
Q39,B34,"3,34","9,679E-179"
I70,I11,"1,77","2,094E-262"
E11,H26,"1,18","4,33E-81"
J18,L89,"1,43","1,782E-170"
K25,J69,"1,59","1,552E-18"
J45,B44,"1,7","6,238E-15"
M80,L98,"1,59","2,288E-59"
Q89,Q37,"22,44","1,051E-258"
M10,N18,"3,69",0
N18,L98,"4,12",0
K21,K52,"1,8","1,269E-192"
J37,F17,"1,62","1,162E-10"
C56,J91,"5,35",0
M32,H25,"1,79","1,283E-57"
I25,I72,"1,61","5,071E-157"
F99,A41,"1,69","1,112E-14"
K86,K02,"1,97","4,806E-60"
N03,K92,"1,47","2,972E-16"
N70,N92,"1,47","2,339E-79"
I47,I51,"2,96",0
M50,M19,"1,61","5,104E-111"
Q22,H65,"2,74","1,387E-126"
K29,G62,"1,34","4,429E-26"
E11,N16,"3,26","4,999E-176"
K22,D64,"1,2","8,697E-30"
N26,A41,"4,77","4,888E-246"
J84,C34,"1,68","8,974E-125"
G71,I50,"3,91","4,947E-290"
Q21,J12,"2,6","2,972E-159"
I25,I71,"1,52",0
I65,G40,"2,06","5,566E-113"
K59,E47,"2,07","1,761E-28"
Q03,B34,"2,49","2,756E-82"
C18,K52,"1,78","5,478E-293"
I63,N31,"1,38","1,283E-24"
I35,N19,"1,52","2,413E-159"
E88,J15,"3,9",0
I50,I13,"3,66",0
D75,J15,"1,46","8,93E-16"
I73,N18,"1,56","6,339E-203"
N73,K43,"2,04","2,111E-17"
E10,M13,"1,41","3,358E-121"
G62,J69,"1,77","1,159E-10"
H43,L97,"1,88","1,566E-80"
M65,M13,"2,54",0
E11,I13,"2,47","1,214E-218"
K05,N17,"1,91","2,665E-19"
M16,M15,"1,87",1.976263e-323
M80,L97,"1,38","5,183E-40"
I21,E20,"1,93","1,22E-51"
M31,L98,"2,15","1,132E-94"
I25,N62,"1,14","3,072E-13"
K51,L90,"1,51","6,168E-37"
N03,B07,"10,41","7,067E-151"
Q90,K90,"13,52",0
L08,L98,"3,95",0
M81,E47,"1,71","1,605E-14"
C83,A04,"3,21","1,727E-174"
Q18,C09,"18,13","2,825E-175"
C81,J15,"3,26","3,875E-254"
Q03,E86,"2,89","8,149E-40"
M54,F34,"1,5","5,503E-18"
C53,K65,"2,71","1,768E-142"
M54,F44,"1,39","1,25E-10"
M81,A04,"1,26","8,821E-14"
E04,E20,"4,64","7,3E-135"
I51,J22,"3,16","1,166E-71"
I25,I52,"4,81","6,23E-165"
B23,G62,"4,48","1,31E-234"
Q87,K00,"5,05","6,065E-133"
K25,N30,"1,07","5,549E-12"
G40,M84,"1,24","1,061E-09"
N94,C54,"2,32","3,381E-41"
G71,M41,"26,9",0
E11,I27,"1,51","2,992E-175"
H71,D48,"5,17","7,018E-136"
E10,L92,"5,68",0
K44,K57,"2,15",0
G71,I51,"5,53","5,852E-112"
G20,E20,"7,52",4.940656e-324
Q05,A41,"3,28","5,273E-93"
G99,E87,"2,02","3,006E-10"
I15,K65,"8,54",0
C85,K04,"3,21","3,07E-154"
E11,I12,"2,05",0
E16,F03,"1,88","2,765E-167"
J45,M54,"1,09","1,844E-24"
C79,G47,"1,55","1,897E-64"
G62,F01,"2,01","4,054E-24"
D43,C80,"6,38","5,097E-96"
M06,D50,"1,41","3,29E-43"
E14,N17,"3,1",0
K44,K62,"1,41","4,509E-76"
Q31,J18,"2,42","2,395E-47"
J45,J85,"1,69","1,024E-19"
I15,J15,"1,5","7,461E-42"
N71,K66,3,"1,355E-20"
F32,J15,"1,44","1,574E-99"
M05,B02,"2,01","2,407E-50"
C77,C14,"13,45",0
H36,A04,"1,71","2,271E-18"
C21,C79,"1,79","8,766E-33"
A18,E55,"19,83","5,895E-169"
G80,Q80,"26,68",0
C04,E86,"2,08","2,155E-34"
E11,E20,"2,4","3,304E-210"
J45,J09,"2,77","8,065E-43"
M89,K65,"2,46","1,494E-39"
C13,J95,"23,69",0
G40,M80,"1,36","1,41E-57"
J00,J06,"1,82","2,787E-61"
N80,N98,"6,12","5,201E-238"
C62,H93,"1,96","1,256E-46"
K50,E47,"5,03","4,405E-115"
Q89,J18,"1,95","9,8E-42"
G46,I69,"5,84",0
J20,D84,"1,97","1,081E-40"
D50,K56,"1,38","1,384E-34"
D16,C49,"5,72","3,223E-81"
C67,F41,"1,48","9,875E-27"
G35,K02,"1,41","2,557E-14"
K05,L98,"1,44","1,627E-11"
K91,M81,"1,59","3,106E-66"
N03,J15,"1,8","3,73E-36"
E10,K05,"1,55","6,723E-123"
D11,C83,"1,7","1,11E-11"
K51,L88,"15,66",0
E10,F43,"1,27","9,037E-23"
C82,B37,"4,81","4,173E-248"
K63,E86,"1,59","6,401E-71"
Q61,K10,"6,11","2,35E-142"
N13,G95,"2,28","2,561E-84"
D11,K05,"2,17","2,133E-30"
M05,A09,"1,41","1,317E-50"
H66,D48,"2,06","2,439E-32"
G35,G41,"5,44","1,676E-253"
C45,D64,"1,75","8,44E-63"
J38,J95,"12,55",0
C54,N82,"6,74","1,382E-305"
M06,A09,"1,52","3,703E-84"
C32,B37,"2,22","2,525E-52"
F04,F00,"13,6","2,857E-155"
J00,J46,"2,26","1,417E-41"
G99,I63,"2,54","6,096E-36"
K10,J90,"2,21","4,678E-18"
E14,E34,"2,01","7,286E-28"
G99,I64,"3,16","7,682E-105"
C21,C77,"5,24",2.231436e-316
H65,F79,"1,85","1,581E-62"
M05,M82,"5,95","8,97E-167"
C53,N10,"2,66","1,23E-145"
D50,K65,"1,45","1,35E-16"
C90,K02,"4,37","1,813E-285"
I15,M85,"1,45","2,609E-10"
N41,C61,"2,7","1,071E-87"
M54,C41,"1,79","2,757E-29"
J99,A41,"1,9","5,979E-19"
D11,C82,3,"5,612E-31"
N18,A04,"4,33",0
D06,N93,"1,83","1,728E-23"
K59,F00,"1,3","4,637E-22"
J45,E27,"1,54","1,66E-33"
A09,A04,"6,36",0
I26,E72,"7,59","1,264E-64"
H66,D83,"2,41","1,883E-29"
K76,E86,"1,54","2,296E-54"
N81,Q51,"17,25",0
I12,L97,"2,93","1,084E-119"
H81,G98,"2,96","1,11E-35"
M83,J96,"1,68","6,519E-13"
N40,N36,"2,17","7,46E-62"
I63,F17,"1,18","4,107E-10"
D24,D05,"5,77","1,044E-284"
F10,K12,"1,43","4,94E-34"
C85,D70,"12,85",0
K04,C80,"2,75","2,214E-37"
L02,F19,"3,66","2,576E-301"
Q20,H66,"2,81","5,974E-142"
E11,I33,"1,46","3,742E-62"
M06,H19,"4,95","1,027E-174"
C91,D59,"18,57",0
H90,H54,"1,62","5,425E-35"
C45,J96,"2,21","4,753E-100"
C50,L91,"1,72","2,829E-21"
Q90,H66,"2,7","9,739E-167"
C50,C72,"3,73","1,387E-89"
Q03,H91,"2,58","1,718E-41"
M06,C44,"1,17","5,8E-10"
K22,K72,"1,7","3,329E-23"
K70,K02,"2,35","6,261E-158"
C90,D61,"9,63",0
M05,D61,3,"7,809E-91"
C31,E86,"1,92","8,606E-15"
E84,K56,"15,67",0
Q75,M21,"2,32","1,12E-14"
E21,E89,"12,54",0
D35,M85,"3,48","2,03E-100"
A09,F33,"1,39","1,523E-18"
I70,L08,"2,44",0
D12,C17,"2,04","1,256E-19"
H66,H95,"33,75",0
I11,N19,"2,19","3,753E-142"
G51,I69,"1,69","1,544E-54"
C56,F41,"1,75","2,585E-72"
K80,K90,"1,36","6,036E-18"
D33,C80,"2,82","1,301E-36"
C81,N46,"3,25","3,362E-68"
E11,B96,"1,41","1,356E-26"
I20,I42,2,0
I25,I13,"2,54",5.640253e-320
F10,F02,"5,01",0
Q05,L90,"4,28","1,571E-73"
M51,F45,"1,73","8,887E-52"
I64,E16,"1,2","1,279E-23"
J18,B44,"3,57","8,525E-197"
D86,E66,"1,3","2,246E-21"
G56,M18,"3,56",0
C64,A41,"1,59","1,114E-92"
M35,K52,"1,32","2,726E-31"
Q87,G47,"7,33",0
N03,K62,"1,34","2,621E-10"
M25,M48,"1,23","4,584E-14"
I34,E25,"2,16","2,799E-11"
G24,E86,"1,43","1,517E-11"
K04,N17,"1,7","3,254E-15"
C85,A04,"2,78","1,712E-68"
I44,N18,"1,29","1,11E-35"
C67,N99,"2,54",0
C16,C79,"1,89","3,775E-139"
F00,L89,"1,49","1,723E-14"
M05,I00,"24,89",0
N87,C54,"2,12","6,037E-37"
C18,D70,"2,27","5,58E-60"
K26,F17,"2,52","7,318E-154"
J45,F60,"1,51","2,054E-25"
K50,L30,"2,79","1,861E-240"
G40,F60,"2,61","2,201E-200"
E10,K04,"1,59","2,971E-161"
G45,D51,"1,31","3,712E-12"
G71,K59,"3,34","1,455E-283"
J44,J95,"1,97","3,753E-205"
L30,N17,"1,7","1,443E-17"
K43,F17,"2,58","2,19E-264"
I48,I36,"4,13",0
C32,J98,"1,84","2,326E-36"
Q21,M41,"1,9","3,909E-34"
G43,E55,"1,81","4,867E-14"
Q21,A49,"2,13","5,718E-38"
C91,B44,"22,23",0
K62,K43,"1,5","4,179E-96"
G95,D63,"4,32",0
E10,E70,"6,07",0
K02,I08,"6,2","1,184E-30"
C56,D69,"1,7","6,928E-46"
J43,N17,"1,92","4,01E-37"
D51,N19,"1,46","1,099E-15"
I80,I89,"2,75","3,939E-139"
I49,I95,"1,85","3,185E-112"
E23,M81,"4,66",0
K86,K43,"2,28","4,259E-236"
D09,D63,"1,71","1,926E-14"
N31,L97,"1,61","1,349E-23"
K29,E14,"1,17","1,134E-14"
K20,E47,"2,84","4,182E-11"
C51,C78,"1,72","1,025E-23"
C07,H02,"9,18","2,835E-171"
G35,L60,"2,28","2,588E-50"
L40,N17,"1,43","9,121E-11"
Q42,N39,"9,63",0
L02,I87,"2,04","3,547E-52"
D38,C79,"4,31","1,76E-202"
C44,L57,"17,06",0
D50,C17,"6,03","3,284E-111"
N03,D23,"2,52","2,205E-43"
J20,E66,"1,56","4,162E-59"
N13,C66,"12,51",0
K30,K82,"2,38","2,774E-29"
G71,J15,"5,79",0
K30,K86,"1,34","6,498E-28"
J46,M80,"2,31","1,485E-21"
K56,K43,"5,71",0
F10,A09,"1,28","3,271E-107"
M62,J42,"1,32","3,159E-32"
M32,N30,"2,12","1,165E-156"
I35,D59,"2,63","2,573E-92"
K50,A49,"2,01","2,488E-94"
C25,E64,"2,81","9,769E-89"
I60,G44,"5,04","8,409E-222"
C65,D63,"5,11","1,032E-280"
E10,H44,"2,83",0
G40,F33,"1,9","4,05E-183"
K50,M80,"1,87","1,401E-76"
H66,D84,"3,29","3,78E-117"
I85,C22,"15,2",0
I10,E70,"1,86","1,799E-77"
J11,N30,"1,38","4,82E-24"
D30,F17,"1,62","1,203E-54"
G20,K56,"1,24","1,091E-17"
A46,N19,"1,27","3,402E-23"
K83,D63,"1,39","1,194E-18"
Q05,G91,"26,8",0
C56,A49,"1,45","1,121E-28"
Q25,J39,"2,89","9,922E-26"
D50,K72,"2,87","1,709E-89"
G40,K08,"1,34","3,949E-26"
L30,D64,"1,22","1,947E-15"
N83,K66,"6,57",0
C54,E83,"2,89","2,657E-107"
I47,M10,"1,37","3,895E-42"
J90,F41,"1,9","1,746E-24"
C80,D63,"4,31",0
Q21,K22,"2,83","1,494E-54"
C51,C79,"2,42","3,409E-53"
C34,J91,"4,54",0
C53,G95,"3,14","5,815E-106"
Q39,J05,"3,75","4,329E-137"
D21,D75,"4,45","1,916E-47"
F10,A16,"3,9",0
K74,I46,"1,56","2,372E-14"
D14,K05,"2,19","1,056E-47"
Q87,K02,7,4.778045e-316
I25,E20,"3,13",0
C18,I82,"1,97","1,696E-89"
C50,C70,"3,87","1,842E-82"
L40,J44,"1,13","1,285E-12"
N03,N25,"42,61",0
C91,J01,"8,22",0
Q21,Q53,"1,33","9,637E-15"
F10,L30,"1,73","1,113E-233"
D35,E23,"136,81",0
Q43,E86,"5,24","7,705E-271"
Q90,J96,"4,22","6,444E-190"
D11,H02,"1,6","4,334E-13"
K02,L98,"1,62","6,435E-20"
M32,I10,"1,74","1,798E-164"
C71,F41,"2,91","3,304E-116"
I60,H53,"3,69","9,053E-105"
A16,B90,"146,5",0
M34,L97,"4,58","3,988E-188"
I42,E87,"1,58","1,156E-63"
D51,D63,"1,81","5,184E-37"
N40,N02,"2,24","8,429E-173"
I21,I78,"2,36","1,721E-146"
M32,J15,"2,77","4,784E-109"
D33,G96,"5,34","6,135E-184"
G45,G93,"1,4","6,515E-10"
E89,E86,"1,78","6,945E-45"
J94,C38,"23,21","6,324E-302"
K92,A41,"1,39","3,956E-121"
K62,D64,"1,33","5,974E-190"
M81,A49,"1,17","1,444E-10"
H36,I50,"1,61","6,934E-284"
I73,D50,"1,33","4,018E-33"
M79,I87,"1,54","9,639E-29"
C20,K66,"2,58","1,083E-43"
E15,I46,"2,28","5,173E-11"
C20,I80,"1,23","3,196E-26"
C09,K08,"10,86",0
L03,M86,"5,73",0
G20,F05,"2,52","3,427E-120"
G71,G47,"6,12",0
K29,H54,"1,38","3,211E-12"
J42,F05,"1,44","5,04E-10"
G35,N28,"1,79","4,528E-26"
G40,E47,"1,75","8,021E-17"
C77,J91,"3,27","5,294E-251"
E10,E47,"1,63","4,616E-19"
F48,E86,"1,84","1,847E-14"
M99,G96,"1,7","2,273E-10"
I74,I46,"1,6","9,924E-14"
C60,C77,"11,14",0
E10,E72,"6,06",0
N03,E86,"2,49","7,58E-133"
N03,J81,"7,5","9,898E-304"
N30,A41,"2,01",0
M35,M48,"1,7","3,658E-162"
E11,N10,"1,66","2,669E-295"
F10,F21,"5,91","1,984E-230"
Q05,L89,"85,34",0
J00,D84,"2,61","1,485E-47"
N19,L98,"3,63",0
C18,K46,"1,9","2,693E-29"
M32,H53,"3,81","2,778E-97"
B34,D83,"1,92","6,871E-21"
K25,F32,"1,36","7,745E-64"
E15,A41,2,"3,786E-27"
K20,F17,"2,55","9,808E-107"
K73,A41,"2,39","8,507E-64"
Q90,K59,"1,96","3,091E-63"
E21,D35,"21,4",0
L28,A41,"2,01","3,613E-33"
M06,M84,"1,62","3,307E-17"
C61,N49,"1,7","2,777E-41"
C56,D71,"5,7","8,587E-131"
E03,L97,"1,48","7,802E-61"
D37,C20,"8,06",0
D05,I97,"4,63","1,331E-46"
H33,H57,"9,46",0
G35,B96,"5,2","8,679E-151"
G40,F01,"4,81",0
C13,K05,"12,78",0
K51,L30,"1,83","9,496E-84"
I15,A49,"2,36","1,187E-80"
K86,L98,"1,3","3,511E-14"
D06,C53,"14,59",0
G35,G40,"2,15",0
C21,K91,"5,83","2,273E-154"
N03,L57,"9,47","2,332E-146"
D43,E23,"11,34","3,795E-155"
M45,D64,"1,56","5,371E-25"
I34,I31,"9,52",0
Q20,B34,"2,52","2,438E-146"
M62,M15,"2,4","4,675E-190"
Q31,H65,"1,86","2,391E-15"
K66,E86,"1,76","4,532E-21"
Q42,A09,"2,55","2,145E-82"
K08,I08,"4,37","1,493E-20"
I15,A04,"3,16","3,296E-91"
B23,A41,"3,01","1,793E-244"
F10,D65,"2,27","2,104E-56"
M89,G95,"1,82","4,906E-11"
N95,C57,"1,73","4,037E-11"
K26,J69,"1,69","9,628E-18"
E14,A49,"2,4","4,407E-198"
C57,K56,"4,54","6,028E-165"
M06,I06,"4,19","2,304E-102"
E14,A04,"1,5","2,552E-16"
J44,J14,"5,76",0
I70,E16,"2,31",0
C61,G82,"1,48","3,111E-31"
F10,K31,"1,23","1,521E-12"
H36,N28,"1,66","1,045E-18"
C40,D63,"12,92",0
E16,F00,"1,46","8,621E-12"
C83,A49,"2,23","7,038E-132"
N04,N03,"87,51",0
C53,I80,"2,18","1,312E-212"
N02,A41,"1,59","7,47E-15"
I70,A09,"1,11","8,587E-15"
K58,K55,"2,88","6,936E-56"
N39,L89,"2,03","3,074E-280"
G71,I42,"22,86",0
C90,J20,"3,69",0
C91,E89,"6,51",0
G80,L98,"1,69","2,932E-17"
J42,M80,"2,4",0
M20,M96,"2,17","7,681E-62"
N03,I74,"3,5","3,491E-49"
D32,E23,"20,42",0
I10,E27,"1,29","8,327E-34"
Q87,K01,"5,68","4,315E-133"
G44,E78,"1,23","1,389E-14"
N03,G62,3,"6,788E-78"
M32,I69,"3,02","6,181E-193"
C67,C37,"13,99","1,664E-219"
C34,J15,"1,37","7,758E-232"
K25,K91,"1,59","3,512E-30"
M32,K30,"1,75","4,374E-56"
K70,J22,"1,84","8,44E-39"
M79,G62,"1,55","1,443E-97"
K51,B37,"1,56","6,555E-35"
E05,E34,"4,72",0
M31,I35,"1,27","1,799E-15"
C82,D70,"13,85",0
F32,J69,"2,47","2,595E-74"
K29,E13,"1,45","4,07E-11"
C07,K10,"14,35","1,72E-124"
C32,J69,"2,16","1,167E-19"
C77,E64,"1,84","2,795E-35"
H36,E25,"3,51","3,264E-30"
M62,M83,"1,56","1,962E-12"
I64,F06,"1,87","4,965E-67"
E10,H18,"1,69","1,428E-84"
E05,I27,"1,28","2,82E-11"
I60,G97,"8,77","8,662E-55"
C92,B96,"19,44",0
D30,C68,"10,16","5,042E-263"
Q21,H60,"2,17","1,018E-26"
C13,J18,"1,58","1,265E-67"
C15,E83,"3,5","8,355E-151"
F11,J15,4,"1,652E-181"
I10,I65,"1,97",0
E10,H21,"3,45","2,281E-138"
D40,C62,"35,31",0
H81,I64,"1,41","3,131E-111"
J44,E41,"1,74","3,317E-45"
Q90,A41,"2,62","1,365E-68"
E22,M81,"2,59","5,603E-127"
G40,F05,"2,81","4,695E-234"
L02,M86,"5,82",0
K58,M47,"1,29","3,599E-16"
E11,I78,"1,53","3,564E-67"
K25,F33,"1,61","3,255E-50"
I21,I11,"1,77","1,016E-271"
M31,K65,"2,67","9,808E-98"
F10,F09,"3,83","7,902E-171"
K86,K31,"13,34",0
C50,H49,"1,4","6,957E-18"
I73,D62,"1,24","1,252E-11"
F22,J96,"1,68","1,3E-11"
C34,G55,"2,76","2,461E-169"
Q05,M21,7,"3,614E-241"
C15,J91,"2,44","5,612E-69"
K62,K55,"3,04","9,558E-270"
Q03,M89,"3,22","5,604E-23"
K31,A41,"1,58","9,362E-32"
D33,I69,"1,31","7,558E-16"
D46,C46,"139,25",0
Q03,N39,"2,2","2,706E-20"
C15,C77,"3,55",0
Q85,H52,"4,41","8,897E-135"
B02,J15,"1,51","1,963E-21"
E10,I97,"1,55","1,485E-32"
K29,G31,"1,44","5,544E-11"
G80,E86,"3,86",0
B90,J96,"4,59","8,294E-129"
G80,K29,"3,18","6,04E-173"
C21,K59,"1,96","3,776E-87"
G20,G23,"42,67",0
E66,I69,"1,23","9,793E-60"
K60,E66,"1,13","1,179E-10"
M35,A09,"1,68","3,732E-138"
M62,G54,"1,79","1,316E-31"
M93,M16,"2,79","1,403E-74"
N70,N94,"2,29","3,696E-165"
A09,K55,"1,82","1,631E-29"
Q03,H53,"6,42","1,973E-79"
I21,I72,"1,44","3,469E-31"
K29,L29,"1,64","1,107E-15"
K44,C15,"1,58","2,206E-20"
L02,F11,"6,59",0
K86,N30,"1,45","1,727E-100"
E11,L29,"1,51","1,301E-47"
G95,A41,"1,78","7,855E-75"
A39,H90,"2,8","6,803E-18"
G56,E85,"1,98","8,974E-15"
Q43,A04,"38,2",0
N84,D07,"5,77","3,65E-241"
M33,M85,"3,36","1,64E-35"
N91,M81,"2,51","2,267E-26"
Q20,J18,"2,74","1,776E-211"
M48,E55,"1,82","6,295E-49"
D48,C83,"2,35","4,336E-34"
M62,G24,"1,54","1,505E-12"
L93,M81,"2,93","6,77E-112"
G82,A41,"2,86",0
E88,N18,"1,63","9,518E-26"
H91,F80,"2,98","2,243E-52"
H91,F84,"2,84","2,748E-46"
I48,J94,"1,33","2,073E-65"
I12,K02,"3,77","3,328E-66"
H06,H50,"32,73",0
L04,C80,"3,75","6,773E-20"
K74,J96,"1,64","3,035E-72"
K86,C25,"10,54",0
C13,E86,"2,41","1,854E-93"
F10,F40,"7,15",0
J42,E55,"1,9","1,088E-25"
K30,I84,"1,29","6,928E-63"
B23,K59,"1,69","5,577E-49"
G40,L27,"3,06","1,339E-167"
K02,E87,"1,66","1,206E-19"
M54,G55,"2,78","8,665E-151"
K85,K72,"1,5","1,176E-12"
M65,M10,"1,44","2,021E-24"
H28,E87,"2,14","1,151E-16"
K05,F41,"1,71","7,367E-11"
F79,J15,"2,83","6,258E-64"
F10,E51,"10,29",0
K57,A04,"1,25","1,205E-09"
C90,A04,"3,05","8,92E-138"
Q05,L97,"30,31",0
M47,N31,"2,06","1,74E-78"
C64,K59,"1,34","1,389E-38"
C81,N97,"3,5","2,055E-189"
E78,E50,"1,94","1,645E-37"
Q39,J00,"5,19","1,573E-261"
K21,K81,"1,56","4,865E-32"
M31,I95,"1,62","7,674E-21"
K70,I86,"13,72",0
M05,L30,"1,51","8,929E-29"
G80,M81,"2,52","5,973E-75"
I65,I95,"1,79","3,217E-23"
E03,J81,"1,46","8,289E-31"
B34,D84,"1,86","4,19E-31"
C92,J10,"21,78",4.917258e-317
Q03,H65,"1,66","1,652E-18"
C85,C82,"67,75",0
J00,A08,"1,33","5,38E-23"
M54,K27,"1,19","4,946E-13"
I35,J95,"1,89","2,693E-32"
H66,J11,"1,39","4,192E-10"
G62,N30,"1,41","1,208E-73"
M80,J15,"1,66","2,774E-190"
K10,I31,"4,43","1,973E-29"
Q21,B01,"1,73","1,007E-15"
J84,J96,"7,55",0
D37,K91,"2,85","5,965E-27"
J45,K43,"1,25","2,209E-35"
C54,J91,"1,57","1,073E-12"
C91,B01,"10,65",0
C62,K56,"1,51","2,989E-14"
H36,E70,"4,23","2,053E-36"
J00,Q85,2,"1,21E-18"
Q61,A49,"5,05","1,321E-239"
C10,J18,"1,56","2,834E-48"
B23,J15,"3,3","3,796E-202"
M54,G44,"1,51","6,413E-113"
L40,A49,"2,17","1,218E-76"
K05,C10,"23,71",0
I12,N25,"32,79",0
M05,K25,"1,32","4,148E-41"
E66,E55,"1,56","1,874E-45"
K29,E16,"1,2","3,134E-11"
G37,N39,"2,38","1,696E-54"
M70,M48,"1,58","2,883E-67"
I34,J91,"1,89","4,249E-35"
M31,H25,"1,38","1,489E-95"
C53,F52,"9,97","7,364E-136"
E78,I78,"3,37",0
G50,N39,"1,26","2,75E-11"
Q25,F83,"2,57","2,371E-10"
E11,E72,"3,37","1,562E-131"
G00,H90,"4,32","2,498E-130"
D63,G47,"1,46","4,439E-19"
D48,C50,"4,79",0
K85,K91,"2,21","9,986E-50"
F48,J18,"1,41","4,895E-11"
M06,L30,"2,07","1,447E-114"
K04,I97,"2,11","7,231E-10"
D33,H50,"3,42","2,902E-107"
C50,C40,"3,56","6,247E-169"
Q21,F98,"1,86","7,421E-26"
K26,N19,"1,2","1,183E-14"
M77,M47,"1,24","1,222E-11"
F10,G40,"2,55",0
J00,K12,"1,8","1,44E-17"
Q28,I69,"7,43",0
Q22,A09,"1,75","1,405E-26"
D48,D70,"2,4","4,227E-10"
K51,C22,"1,63","4,565E-14"
I50,I51,"3,14",0
M54,G97,"1,92","1,081E-28"
D41,C65,"22,75",0
C07,C79,"5,02","6,821E-139"
Q21,J39,"2,54","1,472E-38"
K70,K05,"1,42","4,755E-25"
C10,C78,"1,96","1,736E-38"
I21,I71,"1,16","8,236E-23"
M08,M85,"3,5","3,681E-28"
C90,B00,"10,03",0
K05,I97,"2,37","4,555E-11"
N91,M85,"2,65","3,118E-11"
K70,N19,"1,21","2,273E-16"
A39,H94,"33,25","3,863E-63"
C61,C31,3,"3,562E-61"
K22,J69,"4,46","1,119E-199"
I12,A09,"3,57","1,089E-230"
C34,E34,"1,62","3,272E-41"
I20,H81,"1,26","5,114E-111"
G40,G98,"2,61","6,799E-109"
F31,A41,"1,64","1,741E-32"
Q25,Q53,"1,49","1,365E-12"
D41,C67,"11,91",0
I47,I11,"1,64","4,434E-83"
I35,E25,"2,02","1,818E-24"
D86,I49,"1,37","1,06E-12"
K27,A41,"1,36","2,12E-26"
L03,I83,"1,34","3,003E-24"
M06,A08,"1,49","7,898E-22"
B23,L98,3,"7,896E-118"
C53,N18,"1,46","7,758E-34"
I48,I11,"2,12",0
I10,G63,"1,56","1,855E-94"
M05,D46,"1,88","1,112E-32"
C10,E64,"15,04","1,383E-291"
J18,E47,"1,46","6,245E-15"
M54,C90,"1,58","1,517E-48"
L93,A41,"2,26","3,302E-26"
C61,N10,"1,64","2,955E-103"
M06,E47,"2,09","1,617E-12"
K51,N20,"1,18","4,696E-14"
E14,N39,"1,62","1,428E-235"
M34,K59,"2,27","2,095E-128"
E14,L89,"5,03",0
E78,E55,"1,42","1,01E-30"
Q18,K05,"2,64","3,853E-29"
H10,M35,"1,37","7,021E-16"
M05,L02,"1,89","5,845E-167"
Q61,A09,"3,85",0
D59,M85,"2,69","9,652E-28"
N03,B25,"14,97","1,035E-196"
I12,K59,"1,27","7,504E-11"
C85,A49,"2,45","1,235E-95"
N83,N80,"7,26",0
G45,G31,"1,9","1,948E-43"
M06,J84,"3,19",0
J00,D83,"2,52","1,873E-24"
N81,N88,"11,9",0
G82,L89,"33,97",0
G62,E64,"2,1","6,867E-26"
K86,J86,"3,51","1,803E-158"
D86,M80,"2,19","3,705E-49"
I69,A49,"1,38","4,173E-64"
C64,F41,"1,73","1,581E-20"
D66,B18,"24,71",0
L03,M15,"1,52","4,771E-11"
L03,I80,"1,22","6,548E-12"
C61,C41,"4,79",0
G40,H48,10,0
D28,C56,"1,98","1,137E-23"
J18,J06,"2,07","3,503E-259"
N70,N99,"4,43","3,697E-141"
C18,C19,"23,38",0
N20,N25,"1,92","8,171E-32"
F10,F42,"5,79","4,09E-169"
C15,D64,"1,43","7,176E-98"
C54,I89,"2,64","7,671E-58"
H33,H02,"2,18","5,277E-108"
E10,K31,"2,65",0
K08,E64,"2,24","5,515E-16"
H36,K65,"1,75","3,948E-36"
C04,C79,"1,7","1,555E-11"
F48,F17,"2,92","2,027E-11"
N03,L08,"1,88","7,476E-20"
E66,D50,"1,21","7,736E-22"
N80,N13,"2,14","3,481E-77"
I12,E86,"1,51","1,393E-33"
N70,N98,"4,2","3,919E-55"
J37,K05,"3,13","6,637E-72"
K52,E47,"3,44","2,395E-42"
G91,F00,"3,63","1,572E-57"
D86,L98,"2,26","1,359E-81"
L03,L30,"1,87","2,135E-50"
D41,D64,"1,3","5,197E-11"
K86,K56,"2,36","7,275E-255"
Q90,E03,"10,36",0
J45,E65,"1,46","3,475E-21"
L01,J22,"5,44","4,311E-31"
I10,F33,"1,54",0
C91,A40,"9,72",0
C67,E83,"1,52","2,549E-27"
D30,C65,"11,38",0
C50,C69,"2,14","6,459E-62"
K57,K55,"2,28","1,202E-128"
D27,K66,"5,1","1,857E-254"
A46,F05,"1,39","2,58E-11"
E21,A41,"1,35","5,108E-22"
K70,N30,"1,74",0
C09,C14,"29,59","9,268E-276"
C67,K91,"1,71","2,01E-51"
D33,H16,"2,99","1,825E-40"
E10,N31,"1,4","2,158E-67"
I34,K01,"6,15","2,452E-167"
Q25,E64,"3,31","2,248E-19"
H36,H28,"40,92",0
J45,Q85,"1,59","9,224E-50"
C56,I82,"2,58","2,655E-131"
F10,E63,"3,36","1,457E-175"
N13,N18,"4,06",0
G82,A46,"3,02","2,176E-230"
Q41,B34,"3,04","1,753E-45"
E11,G64,"1,21","8,072E-10"
K25,M80,"1,23","1,828E-25"
K92,E47,"1,86","1,158E-09"
Q22,J03,"1,61","1,689E-12"
E11,G31,"1,25","8,751E-19"
A09,E55,"1,52","1,128E-16"
G00,H91,"2,43","5,745E-114"
G82,E86,"2,29","2,479E-209"
C07,K04,"10,19","1,368E-145"
B23,J44,"1,8","2,754E-74"
Q39,H65,"2,63","1,9E-72"
C73,C78,"3,03","7,48E-236"
C02,J18,"1,31","2,327E-20"
G50,E87,"1,78","1,999E-28"
E10,I33,"1,99","1,47E-139"
G56,M15,"1,75","8,907E-117"
K20,J69,"1,92","6,293E-15"
Q25,F98,"2,24","4,066E-21"
N85,C54,"9,68",0
M89,E21,"2,51","2,067E-33"
D33,H49,"11,88",0
G80,K92,"5,91",0
I27,A41,"1,33","3,637E-22"
H36,I63,"1,72","1,809E-154"
L20,L08,"2,24","7,403E-61"
C30,H04,"23,43","1,754E-227"
Q21,F79,3,"2,342E-100"
K22,E64,"4,26","2,811E-237"
F03,L89,"1,68","4,179E-121"
K70,C01,"2,34","2,967E-21"
C18,C80,"2,28","1,792E-161"
I10,A08,"1,19","1,05E-39"
E10,G93,"1,77","8,03E-105"
N97,N88,"2,71","8,374E-96"
G20,A49,"1,27","6,507E-11"
N91,E11,"2,1","2,839E-17"
Q39,J45,"2,96","3,245E-214"
L04,A18,"22,56","1,167E-209"
N18,M82,"6,39",2.355026e-317
C78,E86,"1,4","4,882E-222"
M34,L98,"8,16",0
E14,N08,"9,84",0
Q75,H65,"2,15","1,761E-78"
C45,F41,"4,41","5,546E-82"
I12,B25,"12,55","4,063E-90"
J41,J15,"3,05","6,878E-272"
G40,F90,"5,56",0
E16,J69,"2,01","1,177E-24"
K63,D63,"1,46","1,465E-16"
M05,J84,"4,03",0
J45,B37,"1,39","4,847E-52"
C49,C79,"6,63",0
Q41,J18,"2,51","6,515E-27"
G45,D43,"1,48","8,321E-10"
C09,B37,"4,83","5,065E-127"
C61,C69,"2,74","3,613E-94"
M05,L08,"1,46","4,04E-23"
G82,K92,"2,29","9,606E-151"
C90,J81,"1,59","1,635E-30"
C57,C79,"3,12","2,543E-80"
L40,M19,"1,41","5,632E-33"
I70,A40,"1,31","2,302E-14"
C67,C80,"1,42","7,905E-19"
N82,K43,"4,88","1,572E-151"
G62,F17,"1,86","3,073E-44"
F11,K72,"5,17","6,596E-107"
C54,C80,"2,05","2,237E-31"
D38,D63,2,"4,631E-21"
C56,G47,"1,45","1,374E-23"
L21,J96,"1,64","8,981E-11"
E11,B99,"1,5","1,816E-21"
G40,H47,"4,78",0
E16,M14,"8,97","2,563E-194"
I12,A04,"4,65","3,201E-89"
G71,E64,"25,39",0
L40,I64,"1,25","4,46E-21"
C82,D61,"14,46",0
M06,M20,"4,85",0
D86,H35,"1,38","8,853E-12"
C16,C77,"3,24",0
H36,I70,"2,54",0
M89,M25,"2,21","4,678E-96"
M05,M86,"4,18","4,937E-269"
K02,D64,"1,48","1,591E-28"
D50,K55,"6,66",0
L93,E86,"1,87","1,993E-15"
E21,F00,"1,58","3,87E-12"
J18,J14,"3,8",0
M32,M20,"1,55","1,928E-20"
J21,H90,"1,86","4,456E-13"
K86,N19,"1,43","6,032E-37"
Q21,H61,"3,26","1,008E-41"
N03,A04,"6,68","5,957E-164"
N04,K05,"4,67","1,577E-65"
K86,E47,"8,16","6,764E-137"
Q61,A04,"5,37","8,492E-128"
J00,A09,"1,48","2,456E-103"
L30,E87,"1,62","6,747E-36"
C77,D64,"1,31","1,954E-74"
Q61,K05,"3,67","3,456E-94"
G82,L08,"2,49","1,366E-97"
E10,N16,"5,28","1,777E-275"
Q21,I46,"4,78","1,126E-91"
Q05,N18,"7,68","5,997E-170"
M81,L98,"1,28","8,636E-39"
N93,K63,"2,99","1,159E-60"
K21,A04,"1,34","8,758E-11"
C81,D63,"3,86","2,436E-204"
Q61,B25,"15,03","4,352E-168"
Q61,I73,"1,68","1,359E-28"
Q65,L89,"3,66","7,837E-26"
L05,F17,"3,3","5,039E-295"
H36,H54,"4,87","1,832E-268"
M31,A46,"1,47","7,502E-26"
B34,B27,"1,76","3,457E-25"
N71,K57,"1,91","2,571E-20"
E66,D62,"1,22","4,526E-12"
C49,D64,"2,45","1,584E-212"
E84,B96,"55,72",0
Q44,J15,"2,07","4,963E-12"
E11,I35,"1,26","7,091E-214"
N03,C44,"3,61","2,273E-131"
K44,K81,"1,53","3,743E-23"
E66,G63,"2,27","3,518E-73"
K51,C24,"2,74","6,837E-43"
D86,G47,"1,55","3,963E-25"
K70,C02,"2,2","3,272E-38"
J45,M82,"1,7","3,66E-15"
K74,A41,"2,78",0
K51,N17,"1,34","9,08E-13"
I70,K65,"1,36","1,323E-48"
F10,F51,"6,35",0
L20,H16,"4,52","2,13E-114"
C20,C80,"1,44","1,38E-16"
E78,I51,2,0
C16,J91,"2,62","2,599E-81"
K29,K74,"2,93",1.024950e-313
K02,J69,"3,3","1,769E-30"
C73,E83,"6,06","4,208E-161"
M05,H19,"5,46","7,216E-207"
K80,K45,"1,28","4,589E-10"
L40,K70,"2,99",0
G20,I95,"2,91",0
K22,K52,"1,3","1,809E-18"
M65,M07,"1,8","1,434E-44"
K10,J18,"1,33","1,336E-24"
C82,A04,"4,04","5,999E-101"
M31,C44,"1,29","6,844E-12"
Q21,J96,"3,46",0
D12,D64,"1,12","2,479E-24"
E14,E64,"1,69","1,248E-23"
M50,G96,"1,7","1,036E-24"
I64,G98,"1,67","7,311E-15"
G37,L89,"5,81","1,438E-55"
K44,E03,"1,18","2,925E-10"
C04,C78,"1,6","2,171E-11"
C53,N19,"1,74","1,046E-54"
E88,I99,"4,91","6,417E-114"
K70,D62,"5,84",0
M48,G23,"1,79","5,13E-10"
A63,D12,"1,41","8,52E-11"
I42,I95,"3,2","1,47E-252"
C51,I89,"14,89","3,112E-299"
F10,C12,"2,43","6,094E-25"
K10,J69,"2,51","0,000000001"
L23,J22,"2,76","1,584E-13"
G44,F33,"2,87","2,38E-89"
K20,N30,"1,13","2,97E-11"
C69,A41,"2,42","1,718E-62"
Q61,N25,"32,35",0
B34,N39,"1,23","7,714E-17"
Q03,H47,"22,6","2,559E-282"
K29,I71,"1,27","1,113E-19"
A15,J96,"2,75","2,262E-84"
D21,C49,"17,07",0
H46,G35,"46,08",0
E04,E83,"1,91","8,975E-51"
C43,J91,"1,41","4,601E-10"
C19,K59,"2,23","1,719E-70"
M10,N17,"2,76","2,966E-181"
J11,M54,"1,24","3,137E-10"
H81,F44,"2,91","1,045E-23"
K50,E83,"3,16","4,042E-166"
Q25,J21,"2,21","2,732E-24"
E05,E55,"2,05","2,455E-76"
K44,K63,"1,31","3,454E-11"
C77,E83,"2,52","3,82E-132"
B23,N39,"1,51","2,224E-20"
C91,K02,"2,77","7,293E-220"
L93,M85,"3,63","8,221E-44"
I77,M81,"1,91","2,542E-30"
F11,B24,"17,64","2,738E-207"
M16,M00,"1,43","1,411E-27"
E84,E14,"10,38",0
F33,A41,"1,4","4,759E-30"
C62,D70,"10,11","6,953E-175"
B34,A68,"2,51","4,618E-37"
H81,H54,"1,53","7,846E-13"
C13,C10,"49,89",0
F50,M85,"7,02","3,681E-101"
B18,E87,"1,73","2,446E-33"
G40,A40,"1,36","1,558E-14"
M47,M80,"1,71","9,125E-106"
M05,J86,"2,03","2,903E-34"
M32,H26,"3,66","5,913E-170"
J20,M80,"1,46","2,058E-21"
F10,F55,"5,18",0
N03,M82,"19,07","1,318E-160"
I21,I99,"2,04","1,139E-212"
M43,N31,"1,79","6,126E-24"
M32,N19,"9,24",0
H36,E78,"2,41",0
N31,N18,"1,51","2,259E-31"
G35,N32,"2,93","1,237E-119"
C49,C78,"10,68",0
C73,E20,"12,97","1,195E-141"
N87,C52,"5,98","2,348E-35"
M41,J96,"7,63",0
C49,K59,"1,48","1,075E-29"
E66,I11,"3,9",0
C85,B59,"23,5","1,346E-252"
K51,N36,"1,89","1,599E-15"
C69,H44,"26,25","3,481E-292"
D14,K04,"2,08","3,019E-45"
M62,I45,"1,34","6,246E-13"
E11,K74,"2,02",0
M05,I06,"3,87","2,735E-80"
C13,D63,"2,57","2,489E-58"
M10,L97,"2,1","8,045E-166"
B18,I85,"14,64",0
B02,E86,"1,37","2,649E-24"
Q42,K59,"9,89",0
C45,K59,"1,93","6,481E-70"
E21,F03,"1,46","8,249E-31"
Q04,J15,"5,96","2,757E-87"
L28,J18,"1,29","3,228E-13"
M15,C61,"2,06","2,649E-63"
I10,E35,"1,56","1,983E-21"
M23,M94,"6,27",0
C34,J22,"1,62","9,868E-89"
G45,Q21,4,"2,268E-92"
I25,K57,"1,09","1,356E-40"
J45,J84,"2,2","7,793E-273"
K21,D12,"1,37","1,276E-63"
N42,C79,"2,38","9,211E-12"
Q05,L98,"6,54","4,917E-148"
Q61,I46,"2,46","4,957E-39"
D17,C49,"4,68","4,593E-186"
I25,I31,"1,98","3,494E-217"
M32,D64,"2,79","1,779E-207"
K86,E55,"2,65","1,981E-46"
G40,I40,"4,19","2,043E-147"
C50,M49,"3,45","1,508E-114"
Q89,H52,"2,31","2,44E-10"
C90,A49,"3,09","1,639E-284"
M48,G96,"1,97","6,171E-74"
G80,E64,"4,33","1,88E-91"
C02,C78,"1,42","1,905E-10"
E10,F50,"3,81","1,566E-285"
I50,I97,"2,12","8,8E-158"
D40,D63,"2,94","4,831E-22"
C02,D63,"1,62","4,001E-11"
Q22,E86,"1,69","1,979E-10"
Q25,J13,"3,71","8,033E-47"
N93,N39,"1,25","3,9E-12"
A18,B90,"106,84",0
K86,M80,"2,23","1,269E-117"
H28,D64,"1,53","4,878E-13"
D50,C22,"1,91","2,279E-20"
F79,J96,"2,62","1,524E-62"
J37,K22,"2,23","3,469E-41"
I47,I72,"1,41","5,432E-14"
K50,M82,"6,5","1,062E-139"
C19,D63,"3,47","1,139E-86"
K76,J96,"1,45","1,4E-35"
C07,C78,"3,46","1,608E-81"
F10,I86,"1,61","1,409E-46"
M89,K05,"1,78","1,243E-14"
K50,N17,"2,19","4,109E-77"
H10,L30,"1,56","2,219E-27"
G43,F41,"1,74","1,471E-29"
I10,I72,"1,37","8,422E-71"
C85,K02,"3,98","5,262E-188"
J45,K30,"1,09","2,478E-12"
K29,I11,"1,23","1,199E-10"
M15,M80,"1,7","6,198E-55"
Q41,J20,"2,21","6,741E-18"
N48,G63,"2,64","1,588E-18"
Q21,Q99,"7,58","1,658E-228"
M32,D68,"12,35",0
M31,A04,"2,34","7,735E-46"
J44,B44,"4,07",0
M06,E27,"2,2","2,128E-42"
I10,N16,"1,53","2,003E-22"
C13,E64,"10,86","2,774E-220"
M32,I50,"2,39","8,428E-160"
I21,I13,"1,72","4,123E-32"
J45,I45,"1,67","1,071E-73"
K80,K58,"1,73",6.170880e-321
I88,C91,"1,83","1,329E-10"
M41,G95,"4,83","8,083E-98"
M06,M43,"3,21",0
N03,I20,"1,62","6,732E-104"
C83,K02,"4,24",0
M10,D62,"1,67","1,394E-35"
Q22,H66,"2,54","2,295E-81"
B18,K74,"29,93",0
C02,K04,"11,18",0
Q21,E03,"2,27","1,679E-43"
C92,E89,"3,79","6,256E-76"
I20,I66,"2,09","1,325E-74"
K59,K55,"2,15","7,971E-120"
C43,D22,"28,94",0
M60,M81,"1,71","2,769E-13"
D33,H57,"2,8","4,812E-31"
M35,D50,"1,39","1,786E-38"
G57,M48,"2,02","3,402E-64"
D38,C34,"12,07",0
D37,C18,"7,53",0
Q61,J81,"4,63","2,209E-137"
E03,G30,"1,35","3,235E-10"
I12,J18,"1,68","1,183E-167"
M05,N08,"2,25","1,844E-17"
N70,N84,"1,81","3,372E-35"
H65,F80,"1,63","1,044E-10"
N95,I10,"1,25","3,958E-150"
I10,F32,"1,51",0
C53,N88,"2,97","3,103E-40"
J37,J95,"4,7","1,291E-37"
D45,C92,"7,36","1,609E-156"
Q02,M89,"4,92","1,501E-34"
N20,E79,"16,12","5,26E-246"
C53,N99,"2,14","1,879E-43"
N04,E87,"4,6","5,291E-151"
C07,K05,"12,88","1,78E-196"
F11,L89,"7,53","4,997E-164"
I61,G41,"6,14","1,283E-165"
K86,K46,"5,07","2,872E-137"
D30,N45,"1,63","8,451E-68"
D48,C49,"10,98",0
N04,M85,"3,13","1,479E-26"
F10,L21,"1,88","1,091E-71"
K29,F43,"1,38","2,154E-14"
D59,A41,"3,78",0
G24,J96,"2,28","7,136E-60"
G80,G24,"22,48",0
K50,N20,"1,85","1,68E-180"
K70,M80,"2,05","1,894E-125"
M05,J13,"1,71","3,883E-21"
G71,N39,"1,8","2,057E-31"
I64,E63,"1,6","1,268E-17"
J99,H25,"1,6","3,352E-15"
H36,I15,"3,8",0
Q87,L08,"2,67","3,735E-36"
E13,E86,"1,98","1,121E-36"
K25,N17,"1,76","7,267E-79"
K20,K52,"1,62","6,693E-46"
K44,D12,"1,62","2,515E-126"
J98,J22,"3,22","1,506E-87"
C18,C22,"2,29","3,059E-121"
C85,A40,"5,16","9,588E-168"
G40,J13,2,"3,3E-113"
I50,N25,"1,32","3,208E-14"
I35,I51,"4,54",0
L05,L90,"1,37","8,314E-12"
C56,B37,"1,31","6,632E-16"
K86,E15,"5,38","8,74E-167"
J44,G53,"1,91","2,007E-13"
L40,C22,"1,73","2,692E-10"
Q42,N31,"42,9",0
I61,G40,"4,61",0
K70,K43,"1,49","6,902E-68"
E11,E53,"1,45","2,081E-37"
N13,C65,"5,49","3,085E-226"
D37,C25,"3,99","2,375E-83"
M89,D47,"2,07","2,584E-11"
C67,D69,"1,85","7,742E-93"
G71,E86,"2,94","3,72E-108"
M10,D64,"1,64","2,133E-231"
M06,M86,"3,11","3,656E-146"
D11,K10,"2,19","1,005E-17"
C20,I89,"1,57","1,99E-18"
Q32,B34,"2,55","1,025E-35"
E10,K10,"1,48","3,292E-53"
H81,G93,"1,7","7,589E-15"
K62,C19,"3,67","4,595E-123"
N03,I84,"1,64","1,946E-25"
K42,E68,"2,45","1,56E-13"
Q89,H90,"4,09","6,277E-49"
Q39,K21,"32,36",0
C91,A09,"1,47","3,015E-98"
M81,E87,"1,29","2,098E-74"
N04,L98,"2,89","1,689E-44"
J40,J15,"2,54","1,395E-64"
C02,K05,"15,53",0
M05,D50,"1,34","2,775E-27"
N03,I21,"1,77","1,117E-66"
C56,K63,"1,82","1,521E-82"
G35,G50,"6,61",0
M62,L50,"1,23","4,071E-10"
Q53,N49,"3,25","1,126E-30"
D11,C07,"76,44",0
G71,I46,"6,38","9,62E-111"
Q25,J14,"3,71","1,427E-42"
C02,K02,"20,3",0
K20,E64,"2,05","3,352E-23"
I12,K92,"1,89","4,731E-55"
K02,J95,"5,37","2,391E-55"
A15,E55,"11,34","1,023E-125"
M32,A09,"3,29","1,241E-205"
E10,H16,"2,1","1,694E-198"
K29,I50,"1,11","2,668E-26"
Q21,G80,"1,32","1,33E-11"
K04,D68,"2,11","4,804E-30"
M21,M53,"1,37","6,052E-15"
M47,G96,"1,58","1,651E-18"
C09,K07,"8,77","5,415E-144"
J42,J81,"1,75","1,274E-83"
C20,N32,"2,61","5,259E-172"
C64,G95,"6,6",0
Q90,H90,"6,93",0
Q64,I10,"1,88","3,809E-16"
C13,K04,"9,32",0
G35,N89,"2,29","1,068E-34"
I15,J81,"5,48",0
I73,J81,"1,68","2,201E-60"
G50,N30,"1,35","4,403E-25"
D64,F41,"1,22","7,27E-14"
Q41,H65,2,"3,442E-11"
J43,B25,"17,91",0
E16,N08,"13,72",0
C15,G95,"2,23","9,826E-58"
N03,M25,"1,74","3,574E-20"
D86,E86,"1,39","4,78E-18"
C83,B96,"7,7","1,08E-306"
Q44,A41,"3,33","3,47E-59"
K43,L98,"1,5","5,395E-47"
D28,C54,"1,89","1,19E-10"
G45,F04,"2,05","2,831E-11"
J45,J03,"1,13","9,224E-24"
J37,K04,"2,41","3,403E-40"
K85,K59,"1,31","9,615E-35"
C81,K04,"4,1","7,272E-162"
H28,N17,"3,06","1,545E-17"
I67,D68,"3,55","3,954E-68"
C67,I82,"1,88","1,671E-57"
C53,N89,"4,15","4,746E-144"
C85,C83,"64,85",0
L97,N17,"2,23","1,539E-111"
G80,F79,"16,09",0
D36,C49,"7,27","3,729E-38"
N25,I46,"4,33","5,76E-54"
N61,I97,"2,55","1,666E-11"
Q05,E34,"3,93","8,141E-57"
M33,M81,"5,31",0
H80,H60,"6,03","1,097E-265"
I05,J15,"1,83","2,713E-19"
J43,E87,"1,28","1,129E-11"
C90,A40,"12,01",0
K50,M13,"1,77","1,628E-86"
M05,E27,"1,74","4,361E-18"
I25,J06,"1,3","4,318E-14"
G62,F05,"1,96","1,2E-19"
G80,J69,"17,65",0
Q20,I47,"20,94",0
Q61,B34,"3,44","7,662E-104"
E11,M13,"1,18","8,512E-41"
M70,M19,"1,47","1,589E-53"
E66,I95,"1,23","3,145E-12"
G80,L08,"3,58","4,038E-179"
I25,I11,"2,3",0
I26,I87,"3,23","7,34E-102"
K01,I08,"8,28","8,5E-23"
C02,E86,"1,76","1,543E-33"
E10,B96,"2,24","6,205E-110"
C71,C80,"4,52","2,189E-187"
I20,Q40,"1,37","1,829E-19"
C71,A41,"1,87","2,12E-170"
I64,H53,"2,82",0
N83,Q50,"20,17",0
E11,L27,"1,28","7,226E-15"
M70,M10,"2,69","3,275E-245"
C81,J84,"7,1",0
M31,I73,"1,29","1,409E-15"
M33,A41,"2,35","2,005E-48"
Q21,J13,"3,88","9,971E-123"
C38,D63,"5,17","4,126E-171"
N14,A41,"4,67","9,206E-226"
D41,N30,"1,54","4,268E-34"
E10,K72,"1,88","1,252E-221"
N03,I95,"5,21","1,327E-151"
F11,F19,"32,26",0
H65,D84,"2,06","4,636E-38"
K03,E64,"4,51","1,678E-14"
N03,I35,"4,02","9,149E-250"
I34,I63,"1,2","1,766E-18"
C32,F41,"2,28","1,019E-39"
E11,N15,"1,6","2,323E-56"
C83,K04,"3,61",0
M10,A04,"2,11","2,002E-44"
C53,E64,"2,07","2,22E-25"
A46,M14,"4,48","8,085E-94"
L97,K55,"1,49","4,915E-11"
F10,E46,"3,32","7,748E-95"
F10,B86,"2,51","3,602E-42"
H06,E03,"7,79",0
M34,A41,"2,19","6,875E-77"
B18,E03,"1,55","2,888E-17"
G35,N99,"1,81","1,278E-36"
J42,F41,"2,16","1,135E-67"
Q61,E21,"9,9",0
I50,N08,"2,14","1,547E-82"
K31,E86,"1,76","4,13E-68"
M83,A41,"1,54","5,84E-10"
B34,B01,"1,4","5,038E-16"
M31,B37,"2,51","4,029E-87"
N64,D05,"8,64","3,596E-229"
K86,E34,"2,47","2,013E-37"
C67,N28,"2,23","9,963E-166"
M17,M96,"1,42","4,265E-24"
C83,K05,"3,45","2,855E-286"
C91,D22,"4,29","1,353E-163"
K22,E47,"3,78","1,26E-34"
G40,F12,"2,58","3,87E-100"
D30,N32,"3,42",0
K05,I44,"1,74","3,049E-18"
C65,A41,"1,37","1,247E-10"
K57,K46,3,"6,226E-96"
D32,H54,"6,47","1,889E-119"
M05,A40,"1,89","5,989E-26"
I42,M10,"3,72",0
C81,L90,"2,65","5,973E-58"
Q42,H65,"1,77","1,32E-25"
M31,H04,"7,29","7,122E-261"
C30,C78,"2,38","4,6E-42"
M05,G62,"1,29","1,58E-14"
M05,M19,"3,63",0
J42,F17,"2,93","3,792E-166"
C91,C95,"52,63",0
K52,K72,"1,5","1,291E-12"
J41,N30,"1,19","9,549E-12"
M25,G62,"1,33","4,04E-13"
M32,B07,"18,32",0
I70,B95,"1,69","2,108E-16"
K29,E78,"1,13","1,26E-23"
C62,L90,"2,1","1,416E-27"
M31,B59,"25,82","1,011E-216"
Q05,M20,"4,74","8,615E-92"
F10,E61,"2,25","5,578E-49"
C40,J96,"2,27","4,541E-37"
Q90,J98,"5,16","3,864E-151"
E78,I71,"1,3","2,165E-63"
C92,E23,"1,84","2,469E-11"
M05,I80,"1,31","3,222E-36"
C06,L59,"35,23","1,749E-191"
J90,D19,"19,25","4,054E-77"
Q03,K59,"1,83","3,959E-20"
H36,H18,"3,36","1,47E-152"
K74,C22,"22,94",0
L03,M65,"1,61","2,342E-66"
F10,E12,"1,46","4,1E-17"
M50,M18,"1,36","4,241E-10"
I12,I33,4,"4,364E-42"
E10,L30,"1,47","5,201E-103"
K90,A41,"2,76","8,732E-160"
Q21,K21,"1,88","6,874E-57"
K56,L90,"2,2","1,992E-57"
F10,F22,"4,05",0
M41,J15,"1,71","1,836E-32"
J01,H02,"2,07","2,713E-13"
K10,I33,"3,81","2,31E-26"
C32,C15,"3,37","4,643E-162"
C43,L57,"3,74","1,428E-160"
D30,C66,"16,17",0
K26,F33,"1,48","1,246E-21"
I70,E50,"1,58","6,893E-20"
B91,K59,"1,44","5,499E-11"
G50,F32,"1,45","1,985E-12"
K08,I31,"2,4","2,665E-11"
Q43,K43,"12,61","8,043E-186"
A09,N39,"1,25","9,65E-58"
H50,G96,"1,71","1,556E-15"
J47,J96,"5,81",0
B23,E86,"1,76","1,418E-28"
I05,D68,"6,37","4,986E-68"
K25,E41,"2,02","7,35E-12"
N80,K56,"1,71","1,854E-38"
I35,D50,"1,92",0
Q89,N31,"3,98","2,537E-14"
Q90,H72,"2,31","2,991E-23"
I10,E12,"1,84","8,516E-107"
C91,A32,"25,57","4,034E-235"
Q05,E22,"6,7","2,715E-63"
Q05,E30,"6,32","2,912E-102"
K63,D75,3,"7,58E-40"
K70,E47,"4,07","6,793E-66"
M32,L97,"3,66","1,034E-108"
K86,I64,"1,27","9,11E-32"
M32,I20,"1,75","3,808E-93"
E11,H21,"1,81","2,908E-33"
K04,I33,"9,49","7,569E-304"
G63,L89,"3,86","7,767E-34"
J43,F41,"1,65","1,746E-15"
I20,B34,"1,24","1,185E-19"
C53,I82,"4,32","3,096E-210"
D33,E23,"11,91",0
F10,J13,"2,42","3,275E-286"
C43,F41,"1,58","1,498E-24"
E11,D51,"1,64","4,565E-167"
L20,J46,"5,78","3,527E-234"
C49,A41,"2,2","1,307E-117"
C32,J22,"1,83","9,945E-15"
Q02,J15,"13,15","6,176E-237"
C81,D61,"13,23",0
I77,M85,"2,83","1,043E-17"
N03,L30,"2,89","3,98E-53"
B23,G63,"7,12","7,169E-101"
N03,E64,"2,47","3,446E-14"
I60,G96,"2,87","2,648E-39"
C06,C10,"47,18",0
G99,N39,"1,91","9,112E-20"
Q02,H91,"5,35","9,088E-108"
C81,K08,"2,62","3,066E-37"
C91,F43,"3,44","5,044E-192"
J45,J41,"6,02",0
K29,F60,"1,67","4,769E-17"
N04,E86,"2,16","8,913E-57"
C77,A49,"1,75","8,399E-72"
C91,L90,"2,87","2,04E-136"
M43,M81,"1,32","1,83E-31"
L30,J18,"1,24","3,729E-37"
M32,E78,"1,31","1,861E-12"
C81,A49,"3,21","7,41E-101"
M89,M19,"1,77","2,355E-54"
D12,D62,"1,4","3,518E-31"
C20,K60,"2,46","9,156E-174"
M10,N39,"1,37","2,691E-61"
M10,K92,"1,24","8,221E-19"
